-- phpMyAdmin SQL Dump
-- version 5.0.2
-- https://www.phpmyadmin.net/
--
-- Servidor: 127.0.0.1
-- Tiempo de generación: 28-02-2021 a las 00:53:42
-- Versión del servidor: 10.4.13-MariaDB
-- Versión de PHP: 7.4.8

SET SQL_MODE = "NO_AUTO_VALUE_ON_ZERO";
START TRANSACTION;
SET time_zone = "+00:00";


/*!40101 SET @OLD_CHARACTER_SET_CLIENT=@@CHARACTER_SET_CLIENT */;
/*!40101 SET @OLD_CHARACTER_SET_RESULTS=@@CHARACTER_SET_RESULTS */;
/*!40101 SET @OLD_COLLATION_CONNECTION=@@COLLATION_CONNECTION */;
/*!40101 SET NAMES utf8mb4 */;

--
-- Base de datos: `ecommapi`
--

-- --------------------------------------------------------

--
-- Estructura de tabla para la tabla `failed_jobs`
--

CREATE TABLE `failed_jobs` (
  `id` bigint(20) UNSIGNED NOT NULL,
  `uuid` varchar(255) COLLATE utf8mb4_unicode_ci NOT NULL,
  `connection` text COLLATE utf8mb4_unicode_ci NOT NULL,
  `queue` text COLLATE utf8mb4_unicode_ci NOT NULL,
  `payload` longtext COLLATE utf8mb4_unicode_ci NOT NULL,
  `exception` longtext COLLATE utf8mb4_unicode_ci NOT NULL,
  `failed_at` timestamp NOT NULL DEFAULT current_timestamp()
) ENGINE=InnoDB DEFAULT CHARSET=utf8mb4 COLLATE=utf8mb4_unicode_ci;

-- --------------------------------------------------------

--
-- Estructura de tabla para la tabla `migrations`
--

CREATE TABLE `migrations` (
  `id` int(10) UNSIGNED NOT NULL,
  `migration` varchar(255) COLLATE utf8mb4_unicode_ci NOT NULL,
  `batch` int(11) NOT NULL
) ENGINE=InnoDB DEFAULT CHARSET=utf8mb4 COLLATE=utf8mb4_unicode_ci;

--
-- Volcado de datos para la tabla `migrations`
--

INSERT INTO `migrations` (`id`, `migration`, `batch`) VALUES
(11, '2014_10_12_000000_create_users_table', 1),
(12, '2014_10_12_100000_create_password_resets_table', 1),
(13, '2019_08_19_000000_create_failed_jobs_table', 1),
(14, '2021_02_27_170257_create_products_table', 1),
(15, '2021_02_27_170402_create_reviews_table', 1);

-- --------------------------------------------------------

--
-- Estructura de tabla para la tabla `password_resets`
--

CREATE TABLE `password_resets` (
  `email` varchar(255) COLLATE utf8mb4_unicode_ci NOT NULL,
  `token` varchar(255) COLLATE utf8mb4_unicode_ci NOT NULL,
  `created_at` timestamp NULL DEFAULT NULL
) ENGINE=InnoDB DEFAULT CHARSET=utf8mb4 COLLATE=utf8mb4_unicode_ci;

-- --------------------------------------------------------

--
-- Estructura de tabla para la tabla `products`
--

CREATE TABLE `products` (
  `id` bigint(20) UNSIGNED NOT NULL,
  `name` varchar(255) COLLATE utf8mb4_unicode_ci NOT NULL,
  `datail` text COLLATE utf8mb4_unicode_ci NOT NULL,
  `price` int(11) NOT NULL,
  `stock` int(11) NOT NULL,
  `discount` int(11) NOT NULL,
  `created_at` timestamp NULL DEFAULT NULL,
  `updated_at` timestamp NULL DEFAULT NULL
) ENGINE=InnoDB DEFAULT CHARSET=utf8mb4 COLLATE=utf8mb4_unicode_ci;

--
-- Volcado de datos para la tabla `products`
--

INSERT INTO `products` (`id`, `name`, `datail`, `price`, `stock`, `discount`, `created_at`, `updated_at`) VALUES
(1, 'id', 'Fugit qui saepe optio illo repudiandae. Quis iste et dolor ut voluptatibus et. Fuga dicta earum exercitationem unde ipsam nam. Qui eius neque repudiandae aut tempora ad fuga quidem.', 892, 5, 25, '2021-02-28 02:51:14', '2021-02-28 02:51:14'),
(2, 'quia', 'Delectus dolor nihil repellendus sit omnis non. Reiciendis voluptas est enim tempore exercitationem odio. Eaque delectus est voluptatem. Quo et sed asperiores sequi minus magnam consequatur.', 133, 4, 13, '2021-02-28 02:51:14', '2021-02-28 02:51:14'),
(3, 'suscipit', 'Numquam iste id quia voluptas cum ut est. Minima deserunt et reprehenderit culpa laboriosam natus.', 173, 4, 14, '2021-02-28 02:51:14', '2021-02-28 02:51:14'),
(4, 'dolorem', 'Voluptatum error ipsum blanditiis ut eum. Saepe pariatur eveniet maiores veritatis ut eum sint. Eaque illo dolor hic nam expedita culpa distinctio consequuntur. Non sint quasi asperiores quam ut autem est.', 253, 3, 23, '2021-02-28 02:51:14', '2021-02-28 02:51:14'),
(5, 'quibusdam', 'Sit aut minus atque sit molestias facere. Rerum nostrum expedita quo blanditiis perferendis doloremque nihil. Magni suscipit sint amet voluptas qui. Minima enim quia quo adipisci.', 374, 8, 11, '2021-02-28 02:51:14', '2021-02-28 02:51:14'),
(6, 'est', 'Exercitationem numquam ut ut ut id qui. Odit dignissimos dolor labore dolore magnam eveniet. Illum soluta molestiae exercitationem in consequatur consequatur non.', 595, 7, 5, '2021-02-28 02:51:14', '2021-02-28 02:51:14'),
(7, 'explicabo', 'Id voluptatem aut consequuntur delectus harum blanditiis quis. Accusantium enim est incidunt similique sapiente est sit sint. Et ad et est alias aut ea blanditiis. Adipisci qui error expedita dolore accusamus excepturi exercitationem.', 179, 2, 12, '2021-02-28 02:51:14', '2021-02-28 02:51:14'),
(8, 'aspernatur', 'Nulla deserunt voluptas itaque illum. Nobis quisquam velit harum aut. Cupiditate odio sit dolores aliquam distinctio suscipit corrupti.', 877, 4, 6, '2021-02-28 02:51:14', '2021-02-28 02:51:14'),
(9, 'atque', 'Deserunt et dolores autem est dolore rerum temporibus. Ut veniam quae est. Accusamus vitae quidem saepe maiores inventore. Unde magnam et omnis maxime ut nam aut.', 938, 2, 19, '2021-02-28 02:51:14', '2021-02-28 02:51:14'),
(10, 'fugit', 'Veniam laudantium voluptatem iusto nihil beatae est. Molestiae et amet aut ut. Nihil sed officia voluptatibus quo. Perspiciatis non aut quo provident facilis. Rem dolorem in deleniti quam enim odit perspiciatis voluptatibus.', 705, 4, 26, '2021-02-28 02:51:14', '2021-02-28 02:51:14'),
(11, 'corporis', 'Aliquid laudantium eum harum similique ut. Ipsa error quaerat illum sit. Voluptas est perspiciatis architecto aliquid. Officia sunt culpa in quia optio quasi quas.', 639, 1, 6, '2021-02-28 02:51:14', '2021-02-28 02:51:14'),
(12, 'placeat', 'Non quia in saepe vel tempora iste. Ratione et nisi voluptatem quia ut voluptates maxime. Beatae molestiae aut aliquid ducimus.', 387, 1, 28, '2021-02-28 02:51:14', '2021-02-28 02:51:14'),
(13, 'dolorem', 'Est sint adipisci quia. Cum animi nam enim rerum est nobis aliquid ut.', 286, 4, 25, '2021-02-28 02:51:14', '2021-02-28 02:51:14'),
(14, 'necessitatibus', 'Culpa et quibusdam consectetur non ut. Illum aliquid itaque et aliquam.', 396, 5, 29, '2021-02-28 02:51:14', '2021-02-28 02:51:14'),
(15, 'cumque', 'Aut doloribus vel voluptates ea quisquam eum. Autem aut veniam totam rerum. Eum distinctio aut aut nostrum ut eligendi.', 862, 9, 7, '2021-02-28 02:51:14', '2021-02-28 02:51:14'),
(16, 'exercitationem', 'Asperiores expedita dolores aut animi. Ullam praesentium dolorum neque laborum quidem quo voluptatem. Veniam enim dolorum magnam voluptas. Quia omnis et accusamus consectetur.', 994, 8, 28, '2021-02-28 02:51:14', '2021-02-28 02:51:14'),
(17, 'ipsam', 'Aperiam quis deleniti minus id sapiente est ullam. Et eum animi autem aut vel illo eius. Laudantium nostrum beatae quo et.', 189, 2, 27, '2021-02-28 02:51:14', '2021-02-28 02:51:14'),
(18, 'neque', 'Mollitia natus non atque ea. Quo libero ut eum rem iure ipsam. Architecto aliquam voluptas enim sit ut.', 289, 7, 21, '2021-02-28 02:51:14', '2021-02-28 02:51:14'),
(19, 'iusto', 'Sunt aut voluptatem distinctio eos nulla harum. Minus cupiditate dolor perspiciatis accusantium. Explicabo impedit dicta et eos dolore. Ducimus earum eum provident mollitia.', 444, 9, 22, '2021-02-28 02:51:14', '2021-02-28 02:51:14'),
(20, 'repudiandae', 'Quas et ducimus fugiat non possimus repellendus libero. Voluptatem qui id rerum labore quia. Ad repudiandae qui velit error quaerat.', 684, 6, 3, '2021-02-28 02:51:14', '2021-02-28 02:51:14'),
(21, 'deleniti', 'Amet adipisci veritatis reprehenderit est suscipit ducimus itaque. Ratione eius vero at ea suscipit. Nemo et accusamus impedit non doloribus. Consequatur consequuntur hic consequatur dignissimos.', 906, 2, 25, '2021-02-28 02:51:14', '2021-02-28 02:51:14'),
(22, 'repellat', 'Omnis nihil dicta iure commodi. Omnis suscipit molestiae accusamus earum eius amet nesciunt a.', 200, 3, 27, '2021-02-28 02:51:14', '2021-02-28 02:51:14'),
(23, 'omnis', 'Praesentium est dolor reiciendis odio nemo. Fugiat aliquid perferendis occaecati sit. Et fugiat sequi ipsum. Doloribus voluptas ea ipsam quo nulla incidunt. Quo nihil autem et rerum eum quis.', 467, 5, 27, '2021-02-28 02:51:14', '2021-02-28 02:51:14'),
(24, 'quibusdam', 'Doloribus et consequatur dignissimos et. Ad optio corporis voluptatibus nesciunt sed. Tenetur et dicta ducimus est voluptatem debitis. Et non maiores ipsum accusamus quam explicabo ut.', 136, 3, 8, '2021-02-28 02:51:14', '2021-02-28 02:51:14'),
(25, 'ut', 'Natus odio totam qui repellendus sapiente. Nam doloremque consequuntur ab odio et repellat. Qui provident ducimus enim enim asperiores rerum magni.', 514, 6, 22, '2021-02-28 02:51:14', '2021-02-28 02:51:14'),
(26, 'autem', 'Voluptas in est ab asperiores. Sint omnis ex in. Aut velit dolorem sequi et fugiat temporibus provident. Ratione a odio esse et soluta molestias.', 423, 6, 12, '2021-02-28 02:51:14', '2021-02-28 02:51:14'),
(27, 'repudiandae', 'Voluptatibus perferendis suscipit qui totam est ullam. Est laudantium doloremque expedita quia eum ea. Cum nisi voluptatibus quo sed dolore unde deserunt.', 645, 4, 19, '2021-02-28 02:51:14', '2021-02-28 02:51:14'),
(28, 'officiis', 'Doloribus dolorem aut tempora debitis exercitationem enim. Aut quae unde temporibus molestiae quia. Hic laborum voluptatem sit inventore repellat. Nemo ut blanditiis aliquam nisi.', 303, 3, 19, '2021-02-28 02:51:14', '2021-02-28 02:51:14'),
(29, 'deserunt', 'Incidunt voluptatem laboriosam aliquam placeat molestiae. Molestias ut expedita iusto nihil dicta dolor id. Voluptas fuga omnis qui nobis. Sint in occaecati vero ut.', 492, 7, 23, '2021-02-28 02:51:14', '2021-02-28 02:51:14'),
(30, 'qui', 'Tempore vero officiis qui accusamus quibusdam repudiandae. Voluptas labore maxime velit est fugiat inventore vitae. Omnis iste nihil aut omnis accusantium enim.', 711, 4, 8, '2021-02-28 02:51:14', '2021-02-28 02:51:14'),
(31, 'vitae', 'Rerum eum ratione illum ab. Aut sit ex magnam esse. Veniam sunt et ducimus magnam omnis voluptatem. Fugiat et corrupti itaque culpa ipsum eum.', 870, 3, 20, '2021-02-28 02:51:14', '2021-02-28 02:51:14'),
(32, 'ipsam', 'Rerum sapiente hic sed doloribus rerum quia dolor. Ducimus dolor voluptatem facere. Qui distinctio eligendi facere et voluptas quis ea.', 498, 5, 13, '2021-02-28 02:51:14', '2021-02-28 02:51:14'),
(33, 'amet', 'Doloremque quasi consectetur quis quia alias. Reprehenderit tenetur ducimus earum et exercitationem. Perspiciatis aut dolor voluptatem et consectetur sequi ut. Et non aut repudiandae qui.', 421, 0, 4, '2021-02-28 02:51:14', '2021-02-28 02:51:14'),
(34, 'nam', 'Fuga totam ratione adipisci minima. Suscipit aliquam soluta quod. Porro illo voluptate sint.', 257, 1, 15, '2021-02-28 02:51:14', '2021-02-28 02:51:14'),
(35, 'eos', 'Dicta minima alias velit porro quas magnam et. Ab laboriosam autem nesciunt rerum minus ducimus officiis. Aspernatur aut maxime consequatur iusto aut.', 895, 0, 30, '2021-02-28 02:51:14', '2021-02-28 02:51:14'),
(36, 'ullam', 'Aperiam ducimus ipsum explicabo quaerat eligendi. Ipsa enim quam rem quis similique. Praesentium vel illo assumenda. Sit illum et ea blanditiis culpa porro.', 558, 8, 26, '2021-02-28 02:51:14', '2021-02-28 02:51:14'),
(37, 'ut', 'Dicta est et temporibus cumque in quaerat vel qui. Sapiente quam voluptatibus voluptate et id voluptas. Voluptatem praesentium non necessitatibus ducimus.', 564, 0, 3, '2021-02-28 02:51:14', '2021-02-28 02:51:14'),
(38, 'culpa', 'Vitae id autem sit rerum rerum ex fugit. Porro et dicta atque in eos. Dolores harum corporis maxime aut eveniet unde. Inventore deleniti est harum inventore quidem sapiente.', 265, 8, 17, '2021-02-28 02:51:14', '2021-02-28 02:51:14'),
(39, 'dolorum', 'Voluptatem magni deserunt id eos soluta odit rerum. Blanditiis eius totam optio officia facere qui dolore ut. At earum officia minus dolorem vel accusantium laborum. Excepturi in ex error hic.', 132, 5, 19, '2021-02-28 02:51:14', '2021-02-28 02:51:14'),
(40, 'aut', 'In architecto tempora est repellendus id sunt ducimus. Dignissimos in dolores corrupti ut ad nesciunt cum. Et dignissimos modi labore inventore.', 622, 7, 5, '2021-02-28 02:51:14', '2021-02-28 02:51:14'),
(41, 'ut', 'Eum dolore suscipit recusandae et occaecati quibusdam laudantium. Aspernatur dolores sapiente voluptatum nobis quam assumenda et. Quia ut deserunt fugiat omnis accusamus qui fuga. Ab incidunt saepe est ratione.', 913, 7, 4, '2021-02-28 02:51:14', '2021-02-28 02:51:14'),
(42, 'repellat', 'Optio est quidem rem consequatur non. Saepe neque ratione sint distinctio blanditiis sit. Voluptatem est tempore reprehenderit vero. Reprehenderit aut unde placeat est impedit. Soluta nihil voluptatem similique cumque aut.', 316, 8, 7, '2021-02-28 02:51:14', '2021-02-28 02:51:14'),
(43, 'rerum', 'Eum accusantium quas beatae nulla saepe hic eius ea. Qui corrupti ut voluptatem dolor. Nisi facere sapiente et ea. Voluptas recusandae autem commodi et. Quo sapiente eligendi laborum consequatur.', 690, 6, 19, '2021-02-28 02:51:14', '2021-02-28 02:51:14'),
(44, 'laborum', 'Iste in maxime et aut. Voluptatibus in maxime enim quis sapiente labore. Temporibus nemo vel reiciendis autem perspiciatis optio.', 390, 8, 9, '2021-02-28 02:51:14', '2021-02-28 02:51:14'),
(45, 'officia', 'Corrupti quia omnis sit non rem et ut. Id vitae quisquam laboriosam vitae non excepturi. Eos labore aut quia consectetur ullam.', 485, 5, 11, '2021-02-28 02:51:14', '2021-02-28 02:51:14'),
(46, 'optio', 'Voluptas velit et ex. Repudiandae quibusdam voluptatem at molestiae voluptate. Voluptatem voluptatem est odit ipsum voluptatem.', 113, 2, 19, '2021-02-28 02:51:14', '2021-02-28 02:51:14'),
(47, 'et', 'Qui consectetur et rerum aliquid qui dolore perspiciatis. Quasi consequatur qui inventore. Dignissimos fugiat deleniti ullam voluptatem.', 635, 3, 14, '2021-02-28 02:51:14', '2021-02-28 02:51:14'),
(48, 'alias', 'Hic quae pariatur et iusto velit et. Consequatur dicta molestiae fuga eveniet autem officiis aut consectetur. Sint veniam culpa ullam reprehenderit doloremque suscipit doloremque. Unde possimus possimus quia est quaerat.', 919, 5, 2, '2021-02-28 02:51:14', '2021-02-28 02:51:14'),
(49, 'delectus', 'Sequi odit aperiam pariatur. Ipsam numquam et hic omnis porro officia eum. Quam vel tempora et ut. Molestiae maiores odit non voluptatum vel debitis aut.', 910, 2, 22, '2021-02-28 02:51:14', '2021-02-28 02:51:14'),
(50, 'odio', 'Ullam velit illum occaecati deleniti sit. Id modi saepe in eligendi. Sint qui temporibus officia quae neque ea tempora delectus.', 570, 2, 24, '2021-02-28 02:51:14', '2021-02-28 02:51:14');

-- --------------------------------------------------------

--
-- Estructura de tabla para la tabla `reviews`
--

CREATE TABLE `reviews` (
  `id` bigint(20) UNSIGNED NOT NULL,
  `product_id` bigint(20) UNSIGNED NOT NULL,
  `customer` varchar(255) COLLATE utf8mb4_unicode_ci NOT NULL,
  `review` text COLLATE utf8mb4_unicode_ci NOT NULL,
  `star` int(11) NOT NULL,
  `created_at` timestamp NULL DEFAULT NULL,
  `updated_at` timestamp NULL DEFAULT NULL
) ENGINE=InnoDB DEFAULT CHARSET=utf8mb4 COLLATE=utf8mb4_unicode_ci;

--
-- Volcado de datos para la tabla `reviews`
--

INSERT INTO `reviews` (`id`, `product_id`, `customer`, `review`, `star`, `created_at`, `updated_at`) VALUES
(1, 17, 'Estrella Fadel MD', 'Esse qui est iusto aut iusto fugit ullam aut. Possimus ex impedit soluta dolorem officia labore. Rem omnis pariatur nostrum debitis sint sint recusandae ipsam.', 5, '2021-02-28 02:51:15', '2021-02-28 02:51:15'),
(2, 19, 'Prof. Krystina Collier II', 'Repudiandae voluptatem possimus excepturi in. Ut soluta quos sed assumenda quisquam. Alias aliquam ut pariatur recusandae. Libero quas sed consequatur maxime saepe.', 2, '2021-02-28 02:51:15', '2021-02-28 02:51:15'),
(3, 24, 'Columbus Medhurst II', 'Ea alias reiciendis dolore error voluptas. Est est quis numquam officia. Et dolores qui vel porro.', 0, '2021-02-28 02:51:15', '2021-02-28 02:51:15'),
(4, 39, 'Dr. Lindsey Grady IV', 'Commodi repellat qui error in excepturi quisquam quia. Rem voluptas est impedit qui sed tempore illo. Voluptate vitae voluptatem velit eos et.', 0, '2021-02-28 02:51:15', '2021-02-28 02:51:15'),
(5, 3, 'Gerald Smitham', 'Nihil sequi modi cum alias enim blanditiis laboriosam. Aliquid quidem sed quia alias exercitationem ex. Velit assumenda est magni animi rerum est et. Deleniti reprehenderit quae officia expedita consequatur tempora et sequi.', 0, '2021-02-28 02:51:15', '2021-02-28 02:51:15'),
(6, 34, 'Roy Smith', 'Temporibus temporibus enim ipsa et. Autem amet debitis et distinctio. Nam voluptatem pariatur ullam officiis. Porro ex quasi aut in distinctio iusto aut.', 5, '2021-02-28 02:51:15', '2021-02-28 02:51:15'),
(7, 41, 'Dr. Alexandro Terry PhD', 'Consequatur voluptas quasi non. Quia ut quisquam quod ad excepturi quisquam qui. Voluptas repudiandae aut quibusdam ullam quaerat delectus. Omnis sit laboriosam dolores veniam.', 0, '2021-02-28 02:51:15', '2021-02-28 02:51:15'),
(8, 20, 'Ada Bins', 'Ea vitae ab dicta nostrum. Sed officia sapiente eum quia officiis consequatur. Aut tempora molestiae ea ratione sint consequatur. Ipsam dolorum voluptas rem sequi impedit.', 0, '2021-02-28 02:51:15', '2021-02-28 02:51:15'),
(9, 27, 'Dr. Verner Keebler I', 'Ut dolorem fugiat distinctio modi voluptatem et in. Veritatis id aliquam ullam accusamus tempore. Quod aut inventore est et.', 0, '2021-02-28 02:51:15', '2021-02-28 02:51:15'),
(10, 39, 'Zane Keeling', 'Autem repellendus sed a ipsum a id omnis maiores. Expedita expedita ducimus temporibus. Magni quia laudantium laborum consequatur. At explicabo voluptas aliquid quaerat.', 1, '2021-02-28 02:51:15', '2021-02-28 02:51:15'),
(11, 49, 'Mr. Franco Metz III', 'Sed nulla voluptatem tenetur est sunt et. Sequi enim unde culpa officiis. Aliquam quia non facere voluptatem.', 4, '2021-02-28 02:51:15', '2021-02-28 02:51:15'),
(12, 45, 'Dr. Alexis Ullrich V', 'Illo porro porro eum esse rerum recusandae. Ea asperiores ut qui eaque mollitia. Harum aut inventore et.', 2, '2021-02-28 02:51:15', '2021-02-28 02:51:15'),
(13, 16, 'Miss Madge Homenick III', 'Nihil ut qui ipsam iusto numquam ratione. Exercitationem asperiores incidunt omnis dicta. Et rem enim aut itaque unde dolor distinctio recusandae.', 4, '2021-02-28 02:51:15', '2021-02-28 02:51:15'),
(14, 24, 'Prof. Lydia Rohan Sr.', 'Aut tempora cum rerum autem minus. Quia consequuntur est sit quo consequatur laborum. Sint dolores quidem impedit non nulla. Dolores voluptatem aut qui harum excepturi vel voluptates sed. Rem et qui doloremque quos deserunt corporis.', 5, '2021-02-28 02:51:15', '2021-02-28 02:51:15'),
(15, 2, 'Floy Harvey', 'Illo similique nisi laudantium eligendi velit veniam nisi. Repellendus id consequatur reprehenderit quasi quis voluptatem qui. Et cum nisi sint voluptates ut quod. Velit molestiae cupiditate doloremque.', 3, '2021-02-28 02:51:15', '2021-02-28 02:51:15'),
(16, 44, 'Laurianne Grant', 'Numquam omnis fugiat et expedita nam placeat dolorem sed. Corrupti harum qui repudiandae laboriosam molestias. Repudiandae doloribus iure ipsa repudiandae facere optio.', 2, '2021-02-28 02:51:15', '2021-02-28 02:51:15'),
(17, 42, 'Murphy Bashirian Sr.', 'Doloremque non velit soluta aliquid fuga qui praesentium. Neque quam rerum a sit quod quas. Maxime et voluptatem similique doloribus architecto eius. Animi corrupti est et ut laudantium et. Quo nostrum esse et explicabo incidunt natus.', 0, '2021-02-28 02:51:15', '2021-02-28 02:51:15'),
(18, 29, 'Ferne Erdman', 'Voluptatibus voluptates culpa et labore quis nobis odit est. Voluptatem perspiciatis quae placeat reprehenderit suscipit. Modi in sed laboriosam fuga velit. Ut molestiae qui quam placeat dicta delectus.', 5, '2021-02-28 02:51:15', '2021-02-28 02:51:15'),
(19, 15, 'Lorenza Goldner PhD', 'Accusamus quia dolores et distinctio. Fugiat facilis dolorem aliquam sed possimus blanditiis. Incidunt natus ea ea ipsum dolorem harum nostrum.', 4, '2021-02-28 02:51:15', '2021-02-28 02:51:15'),
(20, 34, 'Kamron Okuneva Sr.', 'Et dolore sed eaque labore sint. Unde magnam assumenda aut. Harum rem suscipit ea deleniti. Necessitatibus omnis corrupti quia omnis suscipit.', 4, '2021-02-28 02:51:15', '2021-02-28 02:51:15'),
(21, 1, 'Mrs. Whitney Leuschke IV', 'Dolorem quis ut enim aut. Sed nam eum ut architecto consectetur vitae ea. Repellendus quis sunt odit molestiae voluptatem rerum.', 2, '2021-02-28 02:51:15', '2021-02-28 02:51:15'),
(22, 4, 'Dr. Bertrand Lesch DDS', 'Assumenda sint facere aut excepturi ad. Voluptatem debitis et et iure laboriosam. Nobis illo illum velit libero.', 1, '2021-02-28 02:51:15', '2021-02-28 02:51:15'),
(23, 40, 'Prof. Kraig Collins PhD', 'Laboriosam ipsa inventore quibusdam neque autem. Voluptatem non ducimus est et non nisi magni. Quaerat illo in deleniti aliquid nemo ut ut. Veniam et itaque placeat exercitationem nihil.', 3, '2021-02-28 02:51:15', '2021-02-28 02:51:15'),
(24, 10, 'Wilford Frami', 'Saepe aut molestias optio beatae ipsa debitis quo illo. Aliquid earum ut dolorem est qui nesciunt. Et omnis eos et ut facere ut.', 4, '2021-02-28 02:51:15', '2021-02-28 02:51:15'),
(25, 4, 'Phyllis Wuckert', 'Alias et aliquam voluptas cumque sit possimus. Sint nulla voluptas quia. Eum atque architecto temporibus veniam ex sed error. Quis enim sed aut dolorem ut nam omnis tenetur.', 4, '2021-02-28 02:51:15', '2021-02-28 02:51:15'),
(26, 28, 'Wilber Stark MD', 'Et in inventore ut aliquid delectus voluptatum. Quod rem autem in quibusdam. Quibusdam quisquam odit voluptas enim.', 4, '2021-02-28 02:51:15', '2021-02-28 02:51:15'),
(27, 18, 'Annette Morissette', 'Numquam accusantium qui maxime et iure aut vel. Error est laborum voluptatem. Necessitatibus minus praesentium accusantium explicabo dolorum modi velit. Eum hic quibusdam modi.', 2, '2021-02-28 02:51:15', '2021-02-28 02:51:15'),
(28, 28, 'Sheridan Becker III', 'Et qui doloremque deserunt quas. Atque maiores voluptas minus earum doloribus. Dolores quia cumque est minima cumque quod.', 2, '2021-02-28 02:51:15', '2021-02-28 02:51:15'),
(29, 8, 'Nella DuBuque', 'Incidunt quam sit provident quos nihil dicta. Reprehenderit est nobis facilis consequuntur ex.', 2, '2021-02-28 02:51:15', '2021-02-28 02:51:15'),
(30, 15, 'Naomie Flatley', 'Delectus aperiam ducimus qui hic. Dolore a eum officiis beatae animi temporibus fuga. Beatae alias dolores optio.', 0, '2021-02-28 02:51:15', '2021-02-28 02:51:15'),
(31, 44, 'Prof. Rocio Walter', 'Modi omnis consequuntur excepturi cupiditate cum omnis velit doloremque. Id mollitia laudantium qui vero qui odit. Neque qui occaecati sapiente velit aut consequatur in.', 4, '2021-02-28 02:51:15', '2021-02-28 02:51:15'),
(32, 47, 'Prof. Kasey Crist', 'Sunt maxime eaque quia ea cum quaerat. Quibusdam quae eveniet deserunt qui. Eveniet aut sint quod in magnam aliquid et blanditiis. Non quis corrupti quia sunt cum rerum.', 0, '2021-02-28 02:51:15', '2021-02-28 02:51:15'),
(33, 12, 'Miss Idella Johnson I', 'Praesentium eveniet voluptas voluptatem suscipit voluptas. Quia voluptatem quibusdam consectetur nulla et. Placeat perferendis voluptates aut soluta minus mollitia. Iure ipsum voluptas repellat accusamus laboriosam.', 0, '2021-02-28 02:51:15', '2021-02-28 02:51:15'),
(34, 43, 'Dr. Sarai O\'Connell', 'Vel vitae inventore ut saepe dolor iste. Molestias ipsa numquam vel voluptas facilis. Veniam sunt inventore quidem. At consequatur voluptatem repellendus sunt ut ad et quia.', 3, '2021-02-28 02:51:15', '2021-02-28 02:51:15'),
(35, 50, 'Dino Larkin', 'Illum maiores numquam non reprehenderit. Ipsa dolores in accusamus tenetur at. Minus explicabo eveniet eum temporibus dignissimos.', 1, '2021-02-28 02:51:15', '2021-02-28 02:51:15'),
(36, 18, 'Roma Wintheiser', 'Quia alias delectus facere tempora numquam expedita officia. Eius perspiciatis et accusamus error non quidem.', 2, '2021-02-28 02:51:15', '2021-02-28 02:51:15'),
(37, 2, 'Barry Harris', 'Laborum odit ut aut. Exercitationem dolores est eum. Odio ipsam consectetur quod minima. Est hic sint repellendus animi. Sequi provident sunt reiciendis eos ut.', 4, '2021-02-28 02:51:15', '2021-02-28 02:51:15'),
(38, 30, 'Dallin Crona III', 'Corporis eligendi ut accusantium reprehenderit. Est quas voluptas sed earum minima aliquid fuga. Quidem vel odio labore voluptatibus earum odit. Nihil autem dolores unde molestias qui et sed.', 5, '2021-02-28 02:51:15', '2021-02-28 02:51:15'),
(39, 13, 'Prof. Maddison Littel', 'Veritatis est veritatis nihil modi sit consequatur. Consequuntur debitis vel est voluptas illo officiis dignissimos. Nobis laborum ratione non velit voluptatem eum. Vitae nulla consequatur dolores corporis ut accusamus.', 4, '2021-02-28 02:51:15', '2021-02-28 02:51:15'),
(40, 31, 'Johnathon Goodwin', 'Quod quia earum consequatur rerum odio voluptates nemo velit. Tenetur corrupti ut debitis cumque ipsa dolorem repellendus ipsa. Voluptatem ut dolores repellat reprehenderit blanditiis ea quidem.', 4, '2021-02-28 02:51:15', '2021-02-28 02:51:15'),
(41, 42, 'Pedro Gottlieb', 'Enim rem ut debitis. Provident odio sint assumenda ut error eos eum. Voluptas itaque cupiditate necessitatibus qui. Similique dolor vero non hic veniam veritatis laborum.', 5, '2021-02-28 02:51:15', '2021-02-28 02:51:15'),
(42, 6, 'Leopold Huel', 'Et commodi voluptas ducimus pariatur. Quasi laboriosam dolor sit accusantium labore harum. Vitae dolores id dolor odit unde. Consequatur iste et culpa illo reiciendis voluptatum.', 1, '2021-02-28 02:51:15', '2021-02-28 02:51:15'),
(43, 44, 'Stefanie Von', 'Corrupti rerum eaque ea et neque voluptatibus. Unde quia voluptatem reprehenderit nihil autem consequuntur. Perspiciatis illo voluptatem totam quia fuga ullam. Voluptas aut nesciunt labore quidem aliquid itaque quo ratione.', 4, '2021-02-28 02:51:15', '2021-02-28 02:51:15'),
(44, 24, 'Destiney Wehner', 'Voluptas provident quod molestiae aut commodi itaque molestias. Reprehenderit architecto odio molestiae voluptates hic quis. Deserunt fugiat quo vel soluta neque. Provident est nihil rerum rem dolorum et aut.', 4, '2021-02-28 02:51:15', '2021-02-28 02:51:15'),
(45, 36, 'Roma Brakus', 'Ea nam similique veritatis quis voluptatem sed tempore ratione. Et dolor ipsum sed quibusdam quia. Ut sint explicabo perspiciatis voluptatem. Et numquam velit quod saepe.', 4, '2021-02-28 02:51:15', '2021-02-28 02:51:15'),
(46, 23, 'Prof. Aurelia Balistreri MD', 'Recusandae eveniet est commodi neque. In aut enim aut et amet officia voluptatem. Provident velit recusandae numquam autem quia. Minima amet sunt quae accusamus quo commodi et.', 1, '2021-02-28 02:51:15', '2021-02-28 02:51:15'),
(47, 9, 'Prof. Eldon Nienow II', 'Iste exercitationem voluptatibus deleniti porro est. Est voluptatem et tenetur necessitatibus quia et. Iure autem tempora voluptatem voluptatum vel illo suscipit. Illum aliquid quibusdam laborum impedit incidunt id.', 0, '2021-02-28 02:51:15', '2021-02-28 02:51:15'),
(48, 17, 'Julien Effertz', 'Dolores voluptatem dolor enim. Beatae est aut similique architecto. Possimus dolores ut eveniet qui voluptas ad quae. Porro facilis repudiandae qui consequatur nulla ad. Nisi repellat et vel dolore officiis dignissimos porro alias.', 3, '2021-02-28 02:51:15', '2021-02-28 02:51:15'),
(49, 23, 'Dr. Alize Schumm', 'Repellendus laborum quae est ipsam corporis aut. Vitae reiciendis nemo aut excepturi. At unde tempora ut quo ducimus sunt.', 5, '2021-02-28 02:51:15', '2021-02-28 02:51:15'),
(50, 33, 'Murphy Schumm I', 'Doloribus est rerum neque. Nihil sed numquam qui aut. Dolorum ea sint et itaque cupiditate repellendus.', 3, '2021-02-28 02:51:15', '2021-02-28 02:51:15'),
(51, 33, 'Ms. Cindy Auer', 'Saepe illo dolorem autem alias nisi quibusdam quis consequatur. Eos eum ut quod consequatur. Voluptate itaque eligendi fuga dolorem. Ipsa facere odit vel facilis consequatur.', 3, '2021-02-28 02:51:15', '2021-02-28 02:51:15'),
(52, 50, 'Vickie Corkery', 'Asperiores quia voluptatem alias cumque ipsa reiciendis. Adipisci voluptas suscipit odit laudantium voluptates. Asperiores corrupti similique nobis possimus aliquam velit id dolor.', 4, '2021-02-28 02:51:15', '2021-02-28 02:51:15'),
(53, 2, 'Foster Crona', 'Adipisci repellendus ut et. Temporibus explicabo enim et eligendi molestiae ex aspernatur dolor. Quae explicabo sint nemo consequuntur labore consequatur. Autem officia in dolores. Earum quia ut dolores.', 5, '2021-02-28 02:51:15', '2021-02-28 02:51:15'),
(54, 11, 'Miss Ada Farrell', 'Recusandae laudantium perspiciatis id. Molestias nihil velit ad deserunt.', 5, '2021-02-28 02:51:15', '2021-02-28 02:51:15'),
(55, 4, 'Jerome Abshire IV', 'Nobis eveniet error dolore aut. Eos tempore sed unde. Fuga est officia et animi aut incidunt.', 5, '2021-02-28 02:51:15', '2021-02-28 02:51:15'),
(56, 46, 'Amanda Feeney', 'Aut omnis odio consequuntur. Et corporis ut ut sapiente numquam aut. Nesciunt provident itaque excepturi provident quo laudantium. Rerum repudiandae qui voluptatum ea amet corporis odio.', 4, '2021-02-28 02:51:15', '2021-02-28 02:51:15'),
(57, 5, 'Mr. Niko Funk', 'Iusto libero vel nihil est recusandae. Deserunt et fuga ducimus quo aliquid. Dignissimos dolorem veniam amet culpa iste nihil non. Commodi sed dolore magnam non facere beatae id accusantium.', 3, '2021-02-28 02:51:15', '2021-02-28 02:51:15'),
(58, 3, 'Prof. Jesse O\'Keefe II', 'Provident sit et non. Eius excepturi illum occaecati unde. Et non eum excepturi incidunt. Et tempore molestiae quam nulla.', 2, '2021-02-28 02:51:15', '2021-02-28 02:51:15'),
(59, 11, 'Dr. Nathaniel Roob', 'Sed ex temporibus sit quos. Et voluptates impedit distinctio vero doloremque labore. Et est laboriosam consequuntur optio aliquid assumenda quos. Commodi fugit harum aut. Quos dicta excepturi numquam dolorum facere qui.', 2, '2021-02-28 02:51:15', '2021-02-28 02:51:15'),
(60, 6, 'Meredith Marvin', 'Qui ullam saepe doloremque excepturi. Occaecati optio ea eaque nostrum sit qui quae. Voluptatem non debitis ut quis ullam eum.', 4, '2021-02-28 02:51:15', '2021-02-28 02:51:15'),
(61, 21, 'Araceli Goodwin', 'Numquam perspiciatis consequatur a consequatur. Ut repudiandae magnam dolor molestias non eaque. Asperiores veniam voluptatem dolor dicta. Eaque itaque ipsum perferendis rerum ut.', 0, '2021-02-28 02:51:15', '2021-02-28 02:51:15'),
(62, 5, 'Remington Herzog PhD', 'Doloribus at labore repellendus deleniti nihil labore. Rerum tempora dolor eum. Asperiores assumenda soluta perspiciatis neque corporis laudantium.', 1, '2021-02-28 02:51:15', '2021-02-28 02:51:15'),
(63, 48, 'Kaelyn Goodwin', 'Dolores maxime consequatur ratione molestias ab recusandae dolor. Totam tenetur eveniet ad sit ratione ut. Beatae veritatis sint aliquid voluptates et illum sed. Qui est quae ipsum facilis itaque labore.', 2, '2021-02-28 02:51:15', '2021-02-28 02:51:15'),
(64, 38, 'Angeline Botsford', 'Deleniti commodi occaecati iste debitis optio aliquid sit. Beatae magni blanditiis qui. Odit eius temporibus qui et.', 2, '2021-02-28 02:51:15', '2021-02-28 02:51:15'),
(65, 5, 'Dr. Judd Schinner', 'Qui ut aperiam perferendis quibusdam doloribus pariatur magnam. Voluptatum qui perspiciatis molestiae omnis. Odit est nobis sed ut quia dolorum sint. Officiis porro aliquam molestiae aliquam.', 1, '2021-02-28 02:51:15', '2021-02-28 02:51:15'),
(66, 4, 'Mortimer Schiller', 'Adipisci sit rerum voluptas et. Aperiam modi qui quia aut consectetur. Iure non repudiandae repudiandae quod dolor voluptatem. Consectetur quia animi ad facere odit tenetur amet.', 1, '2021-02-28 02:51:15', '2021-02-28 02:51:15'),
(67, 34, 'Mr. Hunter Padberg III', 'Temporibus pariatur sit dolore ullam ex voluptatem. Omnis deserunt nemo optio voluptatibus. Nesciunt delectus est nam minima animi ipsam dicta. Minima sit laborum voluptatem quos aliquam.', 4, '2021-02-28 02:51:15', '2021-02-28 02:51:15'),
(68, 43, 'Ryder Padberg', 'Esse voluptate officiis a eum odit. Laudantium sit voluptas odit. Dolores nihil ex vel unde accusamus velit. At sit voluptas excepturi quia.', 2, '2021-02-28 02:51:15', '2021-02-28 02:51:15'),
(69, 17, 'Dr. Laverne Bergstrom Sr.', 'Delectus vel quod hic fuga. Sunt sequi optio sit ut nisi. Dolor sapiente iure natus culpa laboriosam.', 5, '2021-02-28 02:51:15', '2021-02-28 02:51:15'),
(70, 25, 'Mafalda Boyle', 'Expedita laboriosam ad ut occaecati debitis perferendis est. Assumenda perferendis facilis dignissimos qui placeat perferendis dignissimos. Impedit ut quos totam consectetur autem dolores. Doloremque error enim adipisci dolor quia dolorum. Perspiciatis voluptas et laboriosam iure earum.', 4, '2021-02-28 02:51:15', '2021-02-28 02:51:15'),
(71, 10, 'Prof. Kieran Ziemann', 'Deleniti unde architecto tempore. Omnis error voluptates et optio facere sit. Laboriosam nobis dolores ut. Soluta qui qui ducimus animi velit error totam.', 0, '2021-02-28 02:51:15', '2021-02-28 02:51:15'),
(72, 20, 'Ricky Kertzmann', 'Tenetur voluptatem eveniet labore aspernatur. Mollitia incidunt vel non laborum. Quibusdam fugit omnis aliquid ipsam. Porro nihil nemo minima enim unde porro natus officia.', 2, '2021-02-28 02:51:15', '2021-02-28 02:51:15'),
(73, 36, 'Mrs. Raegan Tillman V', 'Sit quisquam sit itaque quidem. Tempore sunt reprehenderit illum pariatur sapiente et sit. Quo mollitia temporibus aut sapiente voluptates.', 3, '2021-02-28 02:51:15', '2021-02-28 02:51:15'),
(74, 16, 'Mr. Rafael Ratke DDS', 'Voluptas perferendis quasi perferendis perferendis. Ea ut quo tenetur et id id asperiores. Tempora error fugiat nam consequatur.', 3, '2021-02-28 02:51:15', '2021-02-28 02:51:15'),
(75, 31, 'Prof. Alvah Botsford MD', 'Quis ut voluptas cumque molestias libero. Veniam cupiditate et placeat libero eos rem iste. Doloremque commodi facere omnis rerum dolor. Sed consequatur omnis eos.', 5, '2021-02-28 02:51:15', '2021-02-28 02:51:15'),
(76, 13, 'Marguerite Hickle', 'Dolore sapiente neque non reprehenderit ut necessitatibus vitae. Labore nobis quasi eos dolor tempore maiores. Et debitis neque et dignissimos dicta.', 3, '2021-02-28 02:51:15', '2021-02-28 02:51:15'),
(77, 46, 'Miss Kaci Kreiger II', 'Ut eligendi aut libero culpa. Deleniti ducimus ut tempore vel. Doloribus nihil sit recusandae eum magni necessitatibus aut sit.', 0, '2021-02-28 02:51:15', '2021-02-28 02:51:15'),
(78, 11, 'Mr. Rodolfo Farrell I', 'Sint rerum dolorum sed illo quae magni laborum. Qui deserunt est molestiae voluptatum rem recusandae. Et aut iste dolor sunt.', 5, '2021-02-28 02:51:15', '2021-02-28 02:51:15'),
(79, 49, 'Nathanial Pouros', 'Voluptatibus quia perspiciatis aliquid dolor dicta. Nostrum dolor aspernatur non sapiente beatae doloremque exercitationem et. Beatae rerum quibusdam expedita qui.', 0, '2021-02-28 02:51:15', '2021-02-28 02:51:15'),
(80, 2, 'Mr. Crawford Steuber', 'Amet dolores qui adipisci voluptate porro. Dolorem nulla provident non et illum eveniet. Nobis nobis enim hic temporibus sunt eum vel. Iure non dolores aliquam.', 3, '2021-02-28 02:51:15', '2021-02-28 02:51:15'),
(81, 50, 'Prof. Martine Hermann', 'Et repellat tenetur libero maxime facere. Illum quia commodi excepturi rerum. Sint nesciunt tenetur et. Doloribus qui velit velit amet dolores culpa dolore voluptate.', 5, '2021-02-28 02:51:15', '2021-02-28 02:51:15'),
(82, 48, 'Ms. Shanna Kunde', 'Odit ut officia vel et iure soluta esse. Quia debitis consequatur tempora fugiat non qui. Reiciendis molestiae ut hic consequatur laborum. Et sint voluptatem ratione autem.', 0, '2021-02-28 02:51:15', '2021-02-28 02:51:15'),
(83, 21, 'Dr. Hermann Bradtke PhD', 'Neque iste quia cum qui libero. Qui ea veniam delectus omnis. Earum quas repellendus ea repellat qui iste.', 1, '2021-02-28 02:51:15', '2021-02-28 02:51:15'),
(84, 33, 'Jesse Renner', 'Accusamus quo consectetur quisquam laudantium mollitia ipsum quia. Iusto rerum ab odio eaque. Fuga fugiat a natus et quo ad.', 3, '2021-02-28 02:51:15', '2021-02-28 02:51:15'),
(85, 44, 'Brandi O\'Connell', 'Non rerum deserunt officiis ea voluptas aut dignissimos voluptatum. Hic et aperiam culpa nesciunt quaerat.', 2, '2021-02-28 02:51:15', '2021-02-28 02:51:15'),
(86, 31, 'Lester Aufderhar', 'Molestiae cum illum quia consequuntur ipsam sed. Numquam a voluptatibus facilis illum enim nisi. Sed repellat similique nisi pariatur.', 4, '2021-02-28 02:51:15', '2021-02-28 02:51:15'),
(87, 27, 'Dale Jaskolski', 'Blanditiis ut consequatur et quia. Ratione qui voluptates sapiente saepe dolore. Asperiores nihil dolorem quae esse quos sequi at.', 2, '2021-02-28 02:51:15', '2021-02-28 02:51:15'),
(88, 12, 'Dr. Heber Batz', 'Ut sequi aliquid voluptatem ut ullam. Et nobis facilis qui aut eius consequuntur. Sed sit voluptatum omnis at pariatur est. Dolores temporibus velit nostrum quia.', 2, '2021-02-28 02:51:15', '2021-02-28 02:51:15'),
(89, 19, 'Ms. Alexane Kessler I', 'Ipsum velit quasi similique sit nemo. Ipsa placeat quia aliquam neque reprehenderit quos asperiores. Modi nihil facilis quis vitae consequatur voluptatem est.', 2, '2021-02-28 02:51:15', '2021-02-28 02:51:15'),
(90, 5, 'Mr. Rahul Gleichner Sr.', 'Et mollitia odit quia rerum ut ea. Quis saepe dolores ducimus eveniet aut est veniam enim. Harum officiis ex ipsam.', 2, '2021-02-28 02:51:15', '2021-02-28 02:51:15'),
(91, 32, 'Trisha Murray IV', 'Sed omnis eius quia. Molestias debitis consequatur ut voluptatem inventore sit. Ducimus eos atque eveniet corporis tenetur et ea possimus.', 1, '2021-02-28 02:51:15', '2021-02-28 02:51:15'),
(92, 36, 'Hassie Abbott', 'Voluptate ducimus aut maiores. Eos assumenda occaecati facere. Ea sint eum modi voluptatem non.', 2, '2021-02-28 02:51:15', '2021-02-28 02:51:15'),
(93, 25, 'Spencer Jacobi V', 'Facilis expedita necessitatibus et laudantium enim totam. In non sed veniam ex earum atque et. Voluptas saepe dolorem ipsam aut amet eveniet. Quis quam omnis tempore fugiat quae eos.', 1, '2021-02-28 02:51:15', '2021-02-28 02:51:15'),
(94, 9, 'Delpha Hodkiewicz Jr.', 'Et doloremque impedit impedit veritatis dolore. Odit expedita et dicta ullam voluptates ut vel. Officia et repudiandae veniam est perferendis earum suscipit. Beatae non id eos sint aperiam qui odit deserunt.', 5, '2021-02-28 02:51:15', '2021-02-28 02:51:15'),
(95, 22, 'Mariane Daugherty Sr.', 'Omnis commodi nulla aspernatur ad aut. Dolorem ea voluptates fugit aut ut. Nobis nam illum totam possimus aut cumque.', 4, '2021-02-28 02:51:15', '2021-02-28 02:51:15'),
(96, 32, 'Dr. Deon Lehner', 'Necessitatibus reprehenderit et quia recusandae aspernatur maiores sed. Tenetur ad saepe ipsa nihil.', 5, '2021-02-28 02:51:15', '2021-02-28 02:51:15'),
(97, 22, 'Rosemary Murphy', 'Sunt accusamus est nisi facere totam ab quo. Atque minima eveniet sequi vitae ea. Sed accusantium atque et optio ipsam. Consequatur maiores quaerat iure sapiente dolorem est.', 3, '2021-02-28 02:51:15', '2021-02-28 02:51:15'),
(98, 48, 'Mr. Kayleigh Prosacco', 'Quas harum ut dolore praesentium alias. Nihil temporibus impedit iusto. Ut deserunt et dolor soluta est. Quia a veniam laboriosam sed.', 4, '2021-02-28 02:51:15', '2021-02-28 02:51:15'),
(99, 13, 'Prof. Kraig Schoen III', 'Neque beatae sit doloribus ipsa inventore dolorum. Sed dolorem omnis asperiores perferendis non repudiandae ipsam. Alias sit quas delectus quaerat blanditiis.', 5, '2021-02-28 02:51:15', '2021-02-28 02:51:15'),
(100, 35, 'Elise Heaney', 'Eius dolores modi quidem quod necessitatibus. Quibusdam inventore perferendis ut consequatur et placeat quisquam reprehenderit. Cumque occaecati numquam qui veniam. Voluptas eos eligendi commodi ipsam.', 5, '2021-02-28 02:51:15', '2021-02-28 02:51:15'),
(101, 43, 'Jadyn Torphy', 'Incidunt quae maxime quo quis. Soluta et minus vel quisquam. Pariatur ad excepturi ipsum est libero non.', 1, '2021-02-28 02:51:15', '2021-02-28 02:51:15'),
(102, 45, 'Jovani Breitenberg', 'Aut ut sed nam est sint et. Corporis architecto dicta quae nobis aut. Molestias mollitia nihil tenetur ut deleniti quod.', 2, '2021-02-28 02:51:15', '2021-02-28 02:51:15'),
(103, 45, 'Katherine Wolff', 'Quae enim nostrum autem at reiciendis laborum ipsa itaque. Est iste et eum hic. Esse voluptatum occaecati sed labore impedit fugiat.', 2, '2021-02-28 02:51:15', '2021-02-28 02:51:15'),
(104, 37, 'Ms. Roxanne Hill', 'Animi a voluptatum odit. Voluptas possimus dolor ea eaque ut nobis et eum. Aut excepturi magnam minus. Ipsam harum et cupiditate perferendis quia.', 5, '2021-02-28 02:51:15', '2021-02-28 02:51:15'),
(105, 10, 'Scottie Conroy', 'Ea qui et dolores quia laborum ad mollitia. Perferendis in magnam quo illum provident sint. Temporibus deserunt et atque accusantium voluptatibus sit.', 3, '2021-02-28 02:51:15', '2021-02-28 02:51:15'),
(106, 22, 'Hudson Haag II', 'In impedit consequatur nobis autem. Deserunt ut non voluptas et doloribus quo. Ad doloribus fugit deleniti.', 3, '2021-02-28 02:51:15', '2021-02-28 02:51:15'),
(107, 35, 'Ms. Kaitlin Gibson II', 'Quas dignissimos aperiam fuga esse. Autem aut qui repellendus beatae hic nulla. Tempore ex ipsam omnis facilis. Numquam aut et non excepturi totam aut eos.', 1, '2021-02-28 02:51:15', '2021-02-28 02:51:15'),
(108, 25, 'Shane Brown DDS', 'Accusamus dolor eligendi dolorum dolorem tempore magni. Et neque optio sapiente quas non nostrum. Eaque porro voluptatum voluptatem quis modi porro quo eos. Et quae natus tempore delectus.', 1, '2021-02-28 02:51:15', '2021-02-28 02:51:15'),
(109, 26, 'Mona Kerluke', 'Distinctio consequatur itaque sed id rerum sed. Facilis pariatur cumque quod illum nisi in. Incidunt sint dolor repudiandae velit quisquam aut.', 5, '2021-02-28 02:51:15', '2021-02-28 02:51:15'),
(110, 19, 'Osbaldo Keeling', 'Iste in quos tenetur. Error laborum aliquid reprehenderit assumenda. Ipsum reprehenderit et aut quasi sint.', 3, '2021-02-28 02:51:15', '2021-02-28 02:51:15'),
(111, 50, 'Lavon Block', 'Debitis voluptatibus vitae quaerat in reprehenderit explicabo. Est autem ut placeat ipsam minima quis. Modi et beatae sed molestias. Sit totam laboriosam similique facilis omnis impedit similique.', 1, '2021-02-28 02:51:15', '2021-02-28 02:51:15'),
(112, 11, 'Irma Leffler', 'Qui temporibus quis facilis non voluptatem soluta. Debitis assumenda quidem repellat sed aliquid.', 3, '2021-02-28 02:51:15', '2021-02-28 02:51:15'),
(113, 42, 'Cathrine Sauer V', 'Possimus aspernatur veritatis est excepturi. Minus necessitatibus nihil et voluptatem pariatur. Error impedit sunt temporibus. Quibusdam qui impedit culpa velit consectetur.', 3, '2021-02-28 02:51:15', '2021-02-28 02:51:15'),
(114, 42, 'Queen Bogan', 'Sed voluptatum voluptatem vel sint aut laborum nesciunt. Fugit minus magnam animi autem illum voluptate iste.', 3, '2021-02-28 02:51:15', '2021-02-28 02:51:15'),
(115, 8, 'Mathias Lebsack', 'Suscipit quae ipsa assumenda et omnis ipsum. Officiis tempore voluptatum quis occaecati quia cupiditate. Maiores facere consequuntur saepe consequatur. Optio esse et ullam. Sed et tenetur sint doloremque harum possimus.', 2, '2021-02-28 02:51:15', '2021-02-28 02:51:15'),
(116, 39, 'Kennith Crist', 'Ut ipsa consequuntur consequuntur voluptatum. Repellendus aut omnis accusantium in. Ad cum qui veritatis. Temporibus exercitationem tempora est similique.', 0, '2021-02-28 02:51:15', '2021-02-28 02:51:15'),
(117, 48, 'Chadrick Littel Jr.', 'Dolorum perspiciatis officia architecto repellat ratione nemo non. Minima dolor quas incidunt inventore aut laborum non et. Maxime et rem aut esse non iusto provident. Suscipit repudiandae dignissimos distinctio cumque quidem deleniti maxime.', 3, '2021-02-28 02:51:15', '2021-02-28 02:51:15'),
(118, 42, 'Mckenzie Schmidt', 'Voluptatem saepe quod quas sit. Distinctio minus officia eos est nihil perferendis impedit. Voluptatum recusandae enim dicta molestiae aut.', 0, '2021-02-28 02:51:15', '2021-02-28 02:51:15'),
(119, 27, 'Leonel Balistreri', 'Aut assumenda et consequatur maiores et. Sunt reprehenderit minima fugit quas qui autem.', 2, '2021-02-28 02:51:15', '2021-02-28 02:51:15'),
(120, 35, 'Dr. Bill Wehner DDS', 'Quos pariatur asperiores iusto totam qui. Dolores quia et maxime vel. Sed error et provident pariatur. Velit excepturi eveniet totam quaerat ab quidem quo voluptatem.', 0, '2021-02-28 02:51:15', '2021-02-28 02:51:15'),
(121, 4, 'Madge Robel', 'Error eos nihil nobis cum. Occaecati tempora omnis quaerat commodi iste architecto.', 2, '2021-02-28 02:51:15', '2021-02-28 02:51:15'),
(122, 8, 'Eileen Medhurst', 'Sint voluptatem quo sed consequatur perspiciatis deserunt ad. Voluptatem cupiditate voluptatibus ratione sunt praesentium quia dolores. Quisquam natus ipsa nisi.', 4, '2021-02-28 02:51:15', '2021-02-28 02:51:15'),
(123, 25, 'Haleigh Bernier MD', 'Est aliquam sequi excepturi eos cum eum laborum qui. Sequi voluptas et accusantium voluptas at dolorum nihil. Laudantium dolor qui voluptatem neque dignissimos. Non ullam ex et aliquid enim aliquid perspiciatis consequatur. Nihil deleniti accusamus earum.', 4, '2021-02-28 02:51:15', '2021-02-28 02:51:15'),
(124, 42, 'May Johnson Jr.', 'Qui asperiores et quis qui esse. Voluptas iusto veniam modi perferendis ut et. Dolores laboriosam nihil ipsam excepturi et qui. Autem commodi adipisci quis cum aliquid velit. Dignissimos sed et facilis consequatur repellendus.', 1, '2021-02-28 02:51:15', '2021-02-28 02:51:15'),
(125, 1, 'Godfrey Murray', 'Veritatis nam facilis in odit distinctio qui. Soluta eos aut porro earum voluptatibus expedita sunt. Non suscipit repellendus repellendus ab sunt.', 2, '2021-02-28 02:51:15', '2021-02-28 02:51:15'),
(126, 50, 'Amina Schaden', 'Ipsa facilis eos fuga consequatur soluta necessitatibus. Assumenda ut aut unde deleniti.', 4, '2021-02-28 02:51:15', '2021-02-28 02:51:15'),
(127, 45, 'Omer Sipes', 'Ab provident cupiditate illum nesciunt optio autem. Reiciendis sed sit est sit sit quos aut. Assumenda quam modi enim itaque. Ipsa aliquam consequatur nam tenetur qui repudiandae molestiae aperiam.', 2, '2021-02-28 02:51:15', '2021-02-28 02:51:15'),
(128, 33, 'Mrs. Myrna Heathcote', 'Debitis est est nemo et ea quam. Quis rem quo tempora consequuntur consequatur non aut. Sit asperiores asperiores ut esse aperiam non eos. Impedit ut sed nobis aliquam.', 4, '2021-02-28 02:51:15', '2021-02-28 02:51:15'),
(129, 24, 'Mrs. Kitty Gorczany V', 'Beatae ducimus ullam voluptate. Sed aut illo voluptatem dolor quis eos eligendi repellendus. Consectetur eaque libero iusto animi.', 1, '2021-02-28 02:51:15', '2021-02-28 02:51:15'),
(130, 7, 'Timmy Murphy', 'Impedit quisquam atque quas dolorem ab ea aut. Architecto ad doloremque ex nihil aliquam et itaque. Rerum minus a laudantium qui magni debitis. Consequatur excepturi corrupti modi veniam non nesciunt.', 0, '2021-02-28 02:51:15', '2021-02-28 02:51:15'),
(131, 14, 'Jasen Spencer', 'Consequatur occaecati omnis quod facilis amet nihil sit provident. Possimus harum eveniet quibusdam fugit ratione aut beatae. Enim corrupti facere aliquid fuga. Vel occaecati maxime corporis quod tempora ullam.', 0, '2021-02-28 02:51:15', '2021-02-28 02:51:15'),
(132, 14, 'Miss Charlene Bauch', 'Voluptas provident iure repudiandae et. Quasi sunt enim quia est unde deserunt. Aperiam tempore odio aut amet. Dolores deserunt necessitatibus amet velit aut qui repellendus.', 2, '2021-02-28 02:51:15', '2021-02-28 02:51:15'),
(133, 27, 'Tyrese D\'Amore', 'Quidem porro consequatur omnis omnis illo. Porro delectus cum repellat rerum fuga sit. Amet aliquid facilis dicta quis iusto dolorum aut. Ipsa autem qui laudantium non voluptatum pariatur.', 4, '2021-02-28 02:51:15', '2021-02-28 02:51:15'),
(134, 28, 'Davion Medhurst', 'Quis porro et est aliquam magnam provident ab. Pariatur eos ipsum fugiat non facere dolor. Aut porro quas ratione ut eos officia. Impedit laboriosam qui placeat dicta dolores.', 5, '2021-02-28 02:51:15', '2021-02-28 02:51:15'),
(135, 11, 'Carole Kuphal', 'Voluptatem eligendi beatae voluptatem voluptatum non. Quia aut aspernatur magni itaque. Et est et quod vitae cum omnis sed suscipit.', 1, '2021-02-28 02:51:15', '2021-02-28 02:51:15'),
(136, 9, 'Dr. Kole Considine', 'Voluptatibus quasi beatae eius. Eum aliquid in eos facilis qui odit amet. Sed earum porro sunt quod sit quas hic. Et quod voluptas minus aspernatur aut veniam architecto.', 3, '2021-02-28 02:51:15', '2021-02-28 02:51:15'),
(137, 14, 'Dr. Osbaldo Turner V', 'Quae ratione fugiat cum in id voluptatem qui. Eum maiores eligendi repellat ullam animi excepturi sed.', 2, '2021-02-28 02:51:15', '2021-02-28 02:51:15'),
(138, 30, 'Kennedy Quigley', 'Laboriosam aut voluptatem sed fugit. Neque vitae ut ut aut.', 0, '2021-02-28 02:51:15', '2021-02-28 02:51:15'),
(139, 6, 'Dr. Ronaldo Hessel Jr.', 'Assumenda minus quisquam et vel quibusdam. Aut quia corporis molestiae voluptatem repudiandae. Ut consequatur eius consequuntur aliquid et laudantium.', 4, '2021-02-28 02:51:15', '2021-02-28 02:51:15'),
(140, 10, 'Mr. Jasper Sauer I', 'Possimus voluptatem quia iure temporibus illum. Est eos qui nihil nam. Sunt velit doloribus nisi est rerum.', 5, '2021-02-28 02:51:15', '2021-02-28 02:51:15'),
(141, 3, 'Erna Krajcik', 'Illum voluptatibus nisi possimus impedit amet quidem perspiciatis. Minima aperiam vel in placeat occaecati mollitia hic. Aperiam ipsa autem dolor.', 4, '2021-02-28 02:51:15', '2021-02-28 02:51:15'),
(142, 26, 'Granville Ritchie', 'Dolorem quod dolorem nihil accusamus culpa quia in. Minus quisquam voluptatem ut voluptates.', 2, '2021-02-28 02:51:15', '2021-02-28 02:51:15'),
(143, 38, 'Terrance Herman Jr.', 'Nisi nostrum dolores aut nesciunt quae. Quis nisi ad aut. Iusto et dolorem fuga quam aut inventore. Nam consequatur iusto non.', 0, '2021-02-28 02:51:15', '2021-02-28 02:51:15'),
(144, 27, 'Velma Morissette', 'Quisquam ipsa consectetur quisquam veritatis dolorum eligendi beatae. Nulla aut dolore voluptas ullam magnam fugiat. Maxime sequi enim quas numquam. Autem asperiores accusantium sit.', 4, '2021-02-28 02:51:15', '2021-02-28 02:51:15'),
(145, 4, 'Patience Ortiz', 'Adipisci voluptates et sapiente natus. Aperiam nostrum labore illum et eum. Ut vel aliquam sed corporis alias nam. Qui et ex perspiciatis reiciendis.', 5, '2021-02-28 02:51:15', '2021-02-28 02:51:15'),
(146, 12, 'Vincent Rippin', 'Aspernatur aut minima voluptatem quia cum nesciunt. Non earum id natus. Distinctio alias temporibus ut quia molestiae. Provident omnis amet et dolorum minima.', 5, '2021-02-28 02:51:15', '2021-02-28 02:51:15'),
(147, 15, 'Mrs. Libbie Schultz PhD', 'Et dolor itaque facere soluta doloribus assumenda. Debitis quidem quod dolorum iste quisquam deserunt qui praesentium. Et et aut pariatur laboriosam.', 5, '2021-02-28 02:51:15', '2021-02-28 02:51:15'),
(148, 16, 'Dr. Greyson Prohaska Sr.', 'Laboriosam qui hic qui natus quod sequi saepe. Veritatis et qui aperiam maxime non occaecati voluptas. Ut sequi saepe rerum quis vel quia nulla libero. Laborum rerum sint quis quia ut numquam illo.', 0, '2021-02-28 02:51:15', '2021-02-28 02:51:15'),
(149, 16, 'Piper Doyle', 'Delectus quae nam asperiores vitae voluptas vel. Enim voluptas harum eveniet. Molestiae ut occaecati nobis unde ipsam dignissimos. Reiciendis asperiores eligendi vel ut.', 2, '2021-02-28 02:51:15', '2021-02-28 02:51:15'),
(150, 27, 'Zoila Champlin', 'Hic vel qui fugit non quia tempora aut. Placeat tempora inventore porro labore amet commodi quos. Voluptatem similique et reiciendis vero omnis nihil. Aut delectus quia eius suscipit.', 0, '2021-02-28 02:51:15', '2021-02-28 02:51:15'),
(151, 10, 'Ms. Hallie Zieme', 'Mollitia et neque a. Totam laudantium iure aut pariatur porro quibusdam ea.', 3, '2021-02-28 02:51:15', '2021-02-28 02:51:15'),
(152, 37, 'Theron Beatty', 'Consequatur nam dolores dolore eius hic. Eligendi nisi fugit error sapiente deserunt quia fugiat. Recusandae nam est mollitia rerum facere. Excepturi amet enim voluptatibus illum.', 3, '2021-02-28 02:51:15', '2021-02-28 02:51:15'),
(153, 40, 'Myra Mann', 'Provident sit rerum eligendi est est. Deleniti soluta minima aut dolor. Sunt non saepe mollitia tempora ut ad. Quidem et ea minus rerum voluptatem illo.', 1, '2021-02-28 02:51:15', '2021-02-28 02:51:15'),
(154, 5, 'Jeremie Romaguera', 'Consequatur mollitia laborum perferendis. Unde commodi odit dolorem. Qui harum qui totam rerum molestiae rerum. Qui facilis fuga aut incidunt. Natus recusandae quis ut.', 0, '2021-02-28 02:51:15', '2021-02-28 02:51:15'),
(155, 2, 'Retta Ebert', 'Minima quasi aliquid quisquam. Repudiandae qui doloribus tenetur ut magni. Sint et sed provident eligendi atque ut.', 3, '2021-02-28 02:51:15', '2021-02-28 02:51:15'),
(156, 13, 'Curt Bednar', 'Et commodi voluptatem maiores itaque animi eos aut voluptas. Architecto unde commodi voluptatem ab. Iste molestiae voluptatem pariatur eos velit natus illum. Eos ad autem laboriosam non.', 3, '2021-02-28 02:51:15', '2021-02-28 02:51:15'),
(157, 23, 'Dr. Elroy Hamill', 'Et quisquam eligendi eligendi officia incidunt quasi. Autem aspernatur sequi iure enim aut dolor nam. Dignissimos numquam consequatur modi vitae. Quia id eum impedit qui optio debitis nulla.', 0, '2021-02-28 02:51:15', '2021-02-28 02:51:15'),
(158, 31, 'Mr. Garfield Kutch IV', 'Enim suscipit nemo et numquam earum ut commodi dolorem. Aut beatae voluptas qui tempora corrupti enim. Commodi rem fugit qui et et et. Sequi veritatis molestiae eius et nihil fugit.', 5, '2021-02-28 02:51:15', '2021-02-28 02:51:15'),
(159, 49, 'Alene Eichmann', 'Rerum et laudantium commodi. Ducimus et officia voluptatem cupiditate quia omnis doloremque dolor. Est rem aut et atque.', 3, '2021-02-28 02:51:15', '2021-02-28 02:51:15'),
(160, 14, 'Ms. Eliane Grant', 'Qui sunt deleniti qui voluptatem qui deleniti nihil. Quis modi quia magni ut. Cupiditate iure eligendi quas ullam quia amet minima. Enim non doloremque ut debitis est ducimus rem atque. Doloribus occaecati impedit ut error sit sint aliquid dolores.', 1, '2021-02-28 02:51:15', '2021-02-28 02:51:15'),
(161, 44, 'Dr. Cyril Pouros', 'Quaerat iusto dicta rem omnis rerum harum. Sint minima dolorem consequuntur omnis non tempora sit ab. Et perferendis sed animi sunt. Perferendis rerum voluptatibus rerum eligendi maiores voluptas totam.', 1, '2021-02-28 02:51:15', '2021-02-28 02:51:15'),
(162, 45, 'Grady VonRueden', 'Enim sed et odit. Recusandae animi temporibus iure qui. Odio adipisci sint dolorem et id molestiae sit.', 4, '2021-02-28 02:51:15', '2021-02-28 02:51:15'),
(163, 20, 'Dimitri Aufderhar', 'Commodi ipsum dolor ipsa dolores. Sint incidunt beatae alias exercitationem similique unde voluptates. Culpa nulla id facilis.', 2, '2021-02-28 02:51:15', '2021-02-28 02:51:15'),
(164, 18, 'Brown Hermiston', 'Aperiam accusamus et rerum. Vitae et impedit eveniet. Ducimus rerum alias quis aut dicta ab aut. Dignissimos fuga fugit sit perspiciatis qui eius atque.', 2, '2021-02-28 02:51:15', '2021-02-28 02:51:15'),
(165, 22, 'Prof. Cletus Hodkiewicz', 'Sit molestiae sapiente nam ipsum. Corporis non quam nesciunt autem. Delectus necessitatibus repellat minus dolor architecto accusamus. Cupiditate reiciendis modi molestiae nostrum voluptates cupiditate ea exercitationem.', 2, '2021-02-28 02:51:15', '2021-02-28 02:51:15'),
(166, 25, 'Gordon Schaefer', 'Sit voluptatem et id nisi. Hic fugiat nisi itaque voluptas. Exercitationem aut dolorum dolor ratione eum. Cum aut consequatur voluptate nihil.', 0, '2021-02-28 02:51:15', '2021-02-28 02:51:15'),
(167, 3, 'Juston Padberg DDS', 'Non in aliquam expedita deserunt omnis. Sint non quia nulla est earum velit qui. Cupiditate ducimus nam maiores amet iusto vel.', 5, '2021-02-28 02:51:15', '2021-02-28 02:51:15'),
(168, 16, 'Charlene Deckow', 'Architecto quod ut qui voluptas. Quo provident iusto ut molestias qui. Molestias et quis quibusdam fuga.', 3, '2021-02-28 02:51:15', '2021-02-28 02:51:15'),
(169, 28, 'Noel Hills', 'Eaque commodi voluptatem accusamus ab aspernatur. Eligendi doloremque provident sit ex quo itaque.', 0, '2021-02-28 02:51:15', '2021-02-28 02:51:15'),
(170, 33, 'Daisha Osinski', 'Molestiae laborum exercitationem perspiciatis aut. Laboriosam et consectetur nostrum ut. Dignissimos voluptas similique omnis rerum nesciunt mollitia provident. Qui tenetur recusandae occaecati et distinctio nam.', 3, '2021-02-28 02:51:15', '2021-02-28 02:51:15'),
(171, 47, 'Prof. Dortha Emard V', 'Necessitatibus ut aut debitis velit. Commodi quisquam sit sit velit dolores quis dignissimos velit. Doloremque quos nam temporibus sequi dolores nemo omnis.', 4, '2021-02-28 02:51:15', '2021-02-28 02:51:15'),
(172, 11, 'Lucile Nienow', 'Dolorem ut architecto quos quo animi. Nam qui nulla occaecati consequuntur qui. Laboriosam dolor inventore omnis natus maxime neque consequatur. Natus voluptatem praesentium nulla quia nam. Sint dolorem deserunt molestiae laudantium distinctio.', 3, '2021-02-28 02:51:15', '2021-02-28 02:51:15'),
(173, 36, 'Vita Champlin', 'Delectus sunt enim quia deleniti quod. Quo vero qui molestias maxime iste ut quos nisi. Natus et ad voluptatem fugit natus.', 2, '2021-02-28 02:51:15', '2021-02-28 02:51:15'),
(174, 14, 'Holden Rippin', 'Facilis et minima delectus et magnam occaecati dicta. Modi eum laborum cum deserunt voluptatibus. Dolorum aut voluptas numquam quasi. Repellat autem quasi amet et.', 1, '2021-02-28 02:51:15', '2021-02-28 02:51:15'),
(175, 18, 'Tyrell Haag', 'Aliquid dolorem nostrum at recusandae aut non illo. Delectus qui optio quia non. Nemo aperiam temporibus esse vel cupiditate. Nam porro soluta et aliquid esse perspiciatis.', 2, '2021-02-28 02:51:15', '2021-02-28 02:51:15'),
(176, 3, 'Gayle McDermott', 'Et eum at excepturi qui suscipit quod. Et ea eum adipisci non. Unde voluptatem quo rerum itaque nemo. Dolores soluta consequatur quo repellendus.', 1, '2021-02-28 02:51:15', '2021-02-28 02:51:15'),
(177, 22, 'Ms. Nannie Labadie II', 'Sapiente autem non error quo. Eum deserunt ea dolor accusantium cumque. Sint ullam explicabo harum voluptate aliquid quo.', 0, '2021-02-28 02:51:15', '2021-02-28 02:51:15'),
(178, 18, 'Jacklyn Abshire', 'Ipsam dignissimos rerum minima quis. Adipisci minus aut doloremque dolorem sed maiores. Ut dignissimos non qui consequatur atque facere.', 3, '2021-02-28 02:51:15', '2021-02-28 02:51:15'),
(179, 42, 'Daphney Walker V', 'Harum ab ut labore beatae in. Qui cupiditate ea exercitationem sit. Recusandae non excepturi molestiae ipsam molestias reprehenderit qui. Eius et quod sint aut tenetur temporibus.', 1, '2021-02-28 02:51:15', '2021-02-28 02:51:15'),
(180, 3, 'Ms. Trinity Schneider PhD', 'Eos voluptas reiciendis quis enim. Vero nihil quisquam nisi delectus consequatur. Modi sit numquam quasi asperiores. Et ut amet asperiores veritatis. Ea voluptas ullam autem quibusdam.', 2, '2021-02-28 02:51:15', '2021-02-28 02:51:15'),
(181, 32, 'Adelbert Bashirian', 'Illum temporibus quod ipsam aut vero commodi suscipit id. Non doloribus suscipit quam expedita quos. Nam esse consectetur in laborum. Et facilis ipsam minima quia sunt sed laboriosam.', 3, '2021-02-28 02:51:15', '2021-02-28 02:51:15'),
(182, 10, 'Prof. Travon Crist PhD', 'Et iusto error voluptatibus soluta repudiandae sit iure. Possimus porro veniam velit perspiciatis illo. Praesentium fuga natus ea sed.', 2, '2021-02-28 02:51:15', '2021-02-28 02:51:15'),
(183, 5, 'Clara Lockman', 'Repellat sint ipsam at sequi quia vel voluptas. Sequi repellat expedita ut ipsum alias sit nam ducimus. Veritatis quia eveniet nobis consequatur. Qui architecto sed in dolor et qui et. Deserunt qui omnis illo non.', 3, '2021-02-28 02:51:15', '2021-02-28 02:51:15'),
(184, 5, 'Prof. Kellen Rodriguez', 'Molestiae beatae recusandae nihil consequatur a et eos. Ut molestiae officia dolorem ut rerum. Est fugit quisquam fugit dolore minus minus reiciendis. Deserunt molestiae totam fuga quibusdam nesciunt et facere.', 5, '2021-02-28 02:51:15', '2021-02-28 02:51:15'),
(185, 17, 'Dr. Elissa Terry', 'Ipsa aut consequatur iure quam blanditiis sint neque. Ex inventore error nihil. Commodi officia voluptas officia quia vel aut.', 5, '2021-02-28 02:51:15', '2021-02-28 02:51:15'),
(186, 18, 'Lizzie Stark', 'Voluptatem sit error nesciunt repudiandae omnis ut aliquid. Molestiae velit modi ullam laborum eligendi enim. Aliquam repudiandae distinctio assumenda tempora sint reprehenderit quisquam doloribus.', 3, '2021-02-28 02:51:15', '2021-02-28 02:51:15'),
(187, 3, 'Margret Schmidt', 'Voluptatem voluptates nihil consequatur magnam aut esse. Reiciendis vel nam id illo aut. Placeat cum error eligendi voluptate omnis. Eveniet mollitia numquam magni quisquam occaecati.', 5, '2021-02-28 02:51:15', '2021-02-28 02:51:15'),
(188, 5, 'Mohammad Harber', 'Necessitatibus et vel sint necessitatibus voluptatem sint ab. In quae aut consequatur provident id. Dolorem et et totam consequuntur voluptatem labore doloribus. Neque velit ut minus voluptas rem fuga optio voluptas.', 5, '2021-02-28 02:51:15', '2021-02-28 02:51:15'),
(189, 43, 'Shanon Rempel', 'Similique eaque omnis earum laborum temporibus sequi tempore magni. Molestiae vitae ab porro vero et repellat. Eum accusamus iusto quia minus.', 3, '2021-02-28 02:51:15', '2021-02-28 02:51:15'),
(190, 34, 'Yolanda McKenzie', 'Quas rem earum officiis sit repellendus sapiente sapiente. Fuga consequatur molestiae illo quaerat velit at consequuntur. Est impedit debitis iure quia unde.', 2, '2021-02-28 02:51:15', '2021-02-28 02:51:15'),
(191, 42, 'Shyann Schneider', 'Ducimus illo qui est commodi accusantium ut autem. Voluptas maiores magni non dolorem nulla cumque ut. Aut ipsam voluptatem ipsum sit. Ab distinctio quia quas necessitatibus odit odio.', 2, '2021-02-28 02:51:15', '2021-02-28 02:51:15'),
(192, 38, 'Dovie Marquardt', 'Quos praesentium officiis in nulla ex. Eum sit pariatur temporibus maiores excepturi. Sunt neque quod hic sequi officiis. Molestias sequi doloremque iusto eaque est.', 5, '2021-02-28 02:51:15', '2021-02-28 02:51:15'),
(193, 41, 'Pat Brakus', 'Et voluptatem corrupti excepturi dolore et molestiae doloremque. Occaecati enim dignissimos veniam temporibus voluptatem provident sed. Incidunt perspiciatis omnis esse commodi.', 2, '2021-02-28 02:51:15', '2021-02-28 02:51:15'),
(194, 16, 'Jaycee Rempel', 'Quisquam harum sapiente inventore. Sint dolorem corporis cupiditate rerum. Enim saepe aspernatur fugiat voluptatum est quis.', 3, '2021-02-28 02:51:15', '2021-02-28 02:51:15'),
(195, 11, 'Valentin Schuster', 'Sed quo quod quidem ullam. Quaerat voluptas totam in. Eaque molestias nihil eaque laboriosam.', 1, '2021-02-28 02:51:15', '2021-02-28 02:51:15'),
(196, 23, 'Prof. Christophe Braun', 'Placeat sunt velit laborum laudantium exercitationem non ea. Assumenda rerum nihil aperiam facilis ipsum quisquam provident. Aut illo voluptate laudantium modi repudiandae est et.', 3, '2021-02-28 02:51:15', '2021-02-28 02:51:15'),
(197, 50, 'Mr. Oswaldo Hauck III', 'Explicabo minima autem ut quis. Et reiciendis impedit cupiditate neque dolorem ullam in est. Dignissimos ut iste optio mollitia enim vero sint. Consequatur eveniet qui id.', 0, '2021-02-28 02:51:15', '2021-02-28 02:51:15'),
(198, 44, 'Dr. Alda Ziemann II', 'Dicta qui et non nesciunt commodi officiis reprehenderit. Ut quis voluptatem quas.', 0, '2021-02-28 02:51:15', '2021-02-28 02:51:15'),
(199, 23, 'Kennedy Williamson', 'Officia et qui autem pariatur iure aut voluptatem. Velit cumque rerum sint est esse suscipit. Corrupti qui velit sed dolor delectus voluptates nostrum.', 3, '2021-02-28 02:51:15', '2021-02-28 02:51:15'),
(200, 41, 'Eloisa Leannon', 'Est ut itaque magni quibusdam qui. Earum ab blanditiis quos ratione voluptatibus eum et et. Sed delectus aut optio voluptatem nisi quisquam expedita. Qui at qui est quo. Esse quis molestiae maxime quis.', 0, '2021-02-28 02:51:15', '2021-02-28 02:51:15'),
(201, 5, 'Alene Blick', 'Qui quia rerum nesciunt. Esse sit architecto ea sit culpa reprehenderit. Facere amet voluptatibus omnis exercitationem. Ducimus aut cumque nihil non natus temporibus similique.', 4, '2021-02-28 02:51:15', '2021-02-28 02:51:15'),
(202, 32, 'Mr. Jamar Wilkinson', 'Iste nemo occaecati quibusdam rem. Magnam quod qui non labore accusamus dignissimos. Dolores facilis eligendi repellat harum cupiditate.', 1, '2021-02-28 02:51:15', '2021-02-28 02:51:15'),
(203, 6, 'Prof. Colten Quitzon', 'Aut iusto consequatur harum similique molestiae ea dolores rerum. Magnam molestiae labore eveniet. Et sequi et non rerum eos sed. Expedita quam fuga ut ut magni perspiciatis magnam.', 4, '2021-02-28 02:51:15', '2021-02-28 02:51:15'),
(204, 31, 'Deanna Gutmann Jr.', 'Et rerum deleniti alias amet maxime voluptas neque. Nostrum aut ipsum et sunt vero ad. Quis asperiores eos veritatis rem enim. Minima excepturi nihil non maxime quisquam.', 4, '2021-02-28 02:51:15', '2021-02-28 02:51:15'),
(205, 7, 'Jevon Koepp', 'Amet minus alias sit qui dolore. Aut vitae quia quae recusandae et distinctio.', 2, '2021-02-28 02:51:15', '2021-02-28 02:51:15'),
(206, 41, 'Hector Herzog MD', 'Rem et non libero et asperiores qui. Inventore officia sed blanditiis provident dicta tenetur natus. Totam libero ipsam numquam distinctio doloremque libero.', 3, '2021-02-28 02:51:15', '2021-02-28 02:51:15'),
(207, 8, 'Buck Murazik Sr.', 'Adipisci voluptatem dolor laboriosam facilis. Est odit ut voluptas molestiae. Sunt animi architecto quos libero optio non accusantium.', 0, '2021-02-28 02:51:15', '2021-02-28 02:51:15'),
(208, 3, 'Tess Hoppe Jr.', 'Sit laudantium sed id. Beatae aut modi sunt. Esse libero itaque et repudiandae ad.', 0, '2021-02-28 02:51:15', '2021-02-28 02:51:15'),
(209, 8, 'Ms. Annamae McClure', 'Esse et asperiores et. Quo explicabo sed pariatur sint a vel. Aperiam sint suscipit et itaque molestias vel.', 4, '2021-02-28 02:51:15', '2021-02-28 02:51:15');
INSERT INTO `reviews` (`id`, `product_id`, `customer`, `review`, `star`, `created_at`, `updated_at`) VALUES
(210, 21, 'Constantin Gibson', 'Voluptatem iure eveniet commodi numquam ab. Mollitia neque maxime ipsa voluptas harum rerum. Id necessitatibus quas numquam suscipit.', 0, '2021-02-28 02:51:15', '2021-02-28 02:51:15'),
(211, 5, 'Esther Johns', 'Earum ut voluptatibus maxime praesentium accusamus quia voluptatem nulla. Ut in molestiae quidem omnis autem eum sapiente. Exercitationem dicta sed repellendus et commodi maxime itaque eaque.', 4, '2021-02-28 02:51:15', '2021-02-28 02:51:15'),
(212, 38, 'Destiny Lockman', 'Vero cupiditate tenetur culpa reiciendis dolor beatae necessitatibus. Tempore iste harum molestiae nostrum vel odit. Architecto sed voluptate harum repellat necessitatibus corporis. Dolorem sed quibusdam et odit voluptas saepe amet.', 5, '2021-02-28 02:51:16', '2021-02-28 02:51:16'),
(213, 7, 'Dr. Terrance Schiller', 'Molestiae reiciendis quia corrupti veritatis ea distinctio. Assumenda sit quia unde sint. Voluptates aliquam et natus quo cupiditate vel ad officiis.', 4, '2021-02-28 02:51:16', '2021-02-28 02:51:16'),
(214, 30, 'Lillian Gislason', 'Commodi cumque atque aspernatur rerum et aut sit. Quo odio aperiam quos reprehenderit sit. Facilis occaecati sed minima voluptas soluta voluptatem. Qui minus voluptatem voluptas tempora. Tenetur labore natus quis incidunt velit maxime.', 1, '2021-02-28 02:51:16', '2021-02-28 02:51:16'),
(215, 29, 'Dimitri Hyatt', 'Tempore eligendi vel sit cumque sint inventore consequatur autem. Vitae et quia ratione ut minima soluta quo. Ab enim nulla quia deserunt consectetur enim. Possimus aut cumque odit quo aliquam.', 0, '2021-02-28 02:51:16', '2021-02-28 02:51:16'),
(216, 18, 'Tyson Gulgowski', 'Labore aut non et enim expedita tempora. Possimus vitae ut occaecati ab.', 2, '2021-02-28 02:51:16', '2021-02-28 02:51:16'),
(217, 43, 'Ms. Tanya Howe II', 'Repellat voluptatem veniam quasi. Maxime repellendus ut quia hic qui aperiam. Explicabo quisquam dolor velit numquam est ipsam voluptatem dignissimos. Quo quos occaecati sint adipisci debitis odio.', 0, '2021-02-28 02:51:16', '2021-02-28 02:51:16'),
(218, 1, 'Dr. Marguerite Reichert DVM', 'Necessitatibus dignissimos sit est cumque fugiat. Voluptas totam voluptates ratione. Sequi consequatur corrupti commodi quisquam esse id tempora.', 1, '2021-02-28 02:51:16', '2021-02-28 02:51:16'),
(219, 27, 'Amiya Daniel DVM', 'Et sint officia dolores id accusantium qui maxime. Quo ut ipsum voluptas omnis. Officia unde est omnis accusantium porro voluptates hic voluptatibus. Voluptas esse qui rem numquam ut illum.', 4, '2021-02-28 02:51:16', '2021-02-28 02:51:16'),
(220, 21, 'Desiree Lynch Sr.', 'Pariatur in autem vel. Neque nihil ab voluptas. Necessitatibus dolores excepturi cumque doloremque reprehenderit. Est soluta dicta ut unde sequi hic.', 1, '2021-02-28 02:51:16', '2021-02-28 02:51:16'),
(221, 43, 'Mac Carroll Sr.', 'Cupiditate qui doloremque quia et exercitationem et. Omnis delectus fuga corporis laborum. Eum est est temporibus est vero dolorem.', 1, '2021-02-28 02:51:16', '2021-02-28 02:51:16'),
(222, 6, 'Ms. Frida Feil', 'Odio ut est harum odio non aut reprehenderit. Nobis ab molestiae dolorem harum temporibus voluptas sapiente nesciunt. A eum libero ab error.', 3, '2021-02-28 02:51:16', '2021-02-28 02:51:16'),
(223, 38, 'Dr. Shane Zulauf I', 'Ad quasi voluptates consequatur. Sequi sapiente consequatur porro voluptas. Libero minus pariatur omnis iste.', 5, '2021-02-28 02:51:16', '2021-02-28 02:51:16'),
(224, 42, 'Meagan McCullough', 'Mollitia qui harum corrupti doloremque ratione quisquam. Aliquam et et expedita mollitia recusandae eveniet.', 0, '2021-02-28 02:51:16', '2021-02-28 02:51:16'),
(225, 48, 'Wilburn Botsford', 'Qui excepturi ullam perferendis quam est. Corporis sint ut itaque neque. Sunt officiis quo omnis.', 2, '2021-02-28 02:51:16', '2021-02-28 02:51:16'),
(226, 27, 'Ashlee Runolfsdottir IV', 'Est magnam ut voluptates. Omnis exercitationem voluptatem officiis aut omnis nam. Ratione molestiae voluptatem distinctio ea sunt.', 2, '2021-02-28 02:51:16', '2021-02-28 02:51:16'),
(227, 30, 'Mrs. Ernestina Emard', 'Esse aut molestias et at. Commodi cupiditate eos facere inventore et. Occaecati dicta architecto qui et aut.', 0, '2021-02-28 02:51:16', '2021-02-28 02:51:16'),
(228, 15, 'Kayla Bosco', 'Reprehenderit natus labore fugiat accusamus. Qui dolor autem dolore consequatur quo. Ea commodi consectetur et reprehenderit amet delectus. Nobis doloribus quos voluptatem odit ut quos deleniti.', 3, '2021-02-28 02:51:16', '2021-02-28 02:51:16'),
(229, 30, 'Gilbert Hilpert', 'Omnis illo dolores non. Omnis qui dolor sapiente aut quia ut. Labore sit consequatur voluptas aliquid.', 0, '2021-02-28 02:51:16', '2021-02-28 02:51:16'),
(230, 9, 'Miss Edythe Kling', 'Aperiam similique aut aliquid quis numquam quod voluptatem aspernatur. Dolorem ratione quo aut voluptatum rerum officiis. Sit autem et voluptatem laborum nam. Delectus soluta ut et voluptas sit.', 1, '2021-02-28 02:51:16', '2021-02-28 02:51:16'),
(231, 5, 'Keely Kessler', 'Necessitatibus enim provident quos quasi dolorum. Et perferendis voluptatem et. Magnam tempore aliquam quam sint at aspernatur illum. Tenetur nobis eveniet debitis quia.', 2, '2021-02-28 02:51:16', '2021-02-28 02:51:16'),
(232, 15, 'London Raynor', 'Fugiat est sed soluta illum placeat dolores autem sunt. Nulla dignissimos sit hic inventore quo nisi ipsa. Est quia vel voluptates sint.', 4, '2021-02-28 02:51:16', '2021-02-28 02:51:16'),
(233, 7, 'Roy Reilly', 'Optio eum omnis blanditiis inventore laboriosam et. Dolorum eaque rerum rerum eveniet est ipsum commodi. Odio praesentium voluptatem autem quasi reprehenderit magnam.', 5, '2021-02-28 02:51:16', '2021-02-28 02:51:16'),
(234, 9, 'Prof. Laurine Schowalter IV', 'Suscipit fuga repellat qui incidunt. Quia consequatur explicabo et quasi dolorum beatae expedita. Sint hic aut in et.', 2, '2021-02-28 02:51:16', '2021-02-28 02:51:16'),
(235, 18, 'Dylan Koss', 'Voluptatum libero aut et odio soluta. Error consequatur et ratione sequi et quis. Voluptatem ad autem maxime minima adipisci aut sed nam.', 3, '2021-02-28 02:51:16', '2021-02-28 02:51:16'),
(236, 26, 'Camilla Cronin', 'Iste commodi praesentium quia velit sunt. Hic perferendis quo asperiores tempora. Molestiae tempora placeat eius eos nostrum. Error reprehenderit corporis amet voluptatem sint incidunt qui.', 2, '2021-02-28 02:51:16', '2021-02-28 02:51:16'),
(237, 28, 'Miss Katelynn Sauer IV', 'Cum dicta voluptas esse ea repellendus. Est commodi ullam doloremque harum ab. Quisquam numquam culpa unde rerum eum perferendis eius itaque.', 1, '2021-02-28 02:51:16', '2021-02-28 02:51:16'),
(238, 44, 'Dr. Loy O\'Hara', 'At veritatis sit minima eius vel. Ut id doloribus ipsum enim consequatur et. Est quia tempora ut aliquid dignissimos distinctio.', 5, '2021-02-28 02:51:16', '2021-02-28 02:51:16'),
(239, 29, 'Dana Wiegand II', 'Libero laborum enim voluptas numquam velit. Doloremque ut assumenda sequi consequuntur. Occaecati voluptatem sapiente sapiente dolorem nisi. Eaque consequatur quis sint exercitationem autem enim libero.', 3, '2021-02-28 02:51:16', '2021-02-28 02:51:16'),
(240, 27, 'Lia Nicolas', 'Eaque reprehenderit magni eos voluptatem quam. Aliquam nostrum dolorem et perspiciatis deleniti. Voluptate amet ducimus illum. Labore est nobis omnis unde debitis amet.', 5, '2021-02-28 02:51:16', '2021-02-28 02:51:16'),
(241, 18, 'Dean Kuhic', 'Et officiis repudiandae dignissimos. Aspernatur enim et consequatur ratione. Ut quia aut quas dignissimos cumque commodi. Provident sed omnis impedit repellendus ut enim.', 2, '2021-02-28 02:51:16', '2021-02-28 02:51:16'),
(242, 25, 'Dr. Tommie Gutmann Jr.', 'Blanditiis et dolorem et quisquam aut autem aperiam. Eveniet ab quis nulla quod repudiandae aut. Qui nobis reiciendis ea consequatur consequatur.', 5, '2021-02-28 02:51:16', '2021-02-28 02:51:16'),
(243, 11, 'Donnie Fisher', 'Ex et temporibus similique molestiae et. Voluptates eaque aut est ratione quis. Reiciendis aut cum dignissimos repudiandae. Doloribus quia dolore pariatur dolor.', 4, '2021-02-28 02:51:16', '2021-02-28 02:51:16'),
(244, 31, 'Bruce Roob', 'Dicta consequatur voluptatem aut quia est esse repellat. Beatae est deserunt cum error. Ea natus non quia odio dicta.', 2, '2021-02-28 02:51:16', '2021-02-28 02:51:16'),
(245, 11, 'Donato Nicolas PhD', 'Maxime voluptatum tempora ipsum reprehenderit error. Laudantium ut placeat est ut fugit quod eveniet. Fugit soluta sapiente ut qui illo. Pariatur commodi culpa quia non.', 5, '2021-02-28 02:51:16', '2021-02-28 02:51:16'),
(246, 17, 'Preston Kemmer', 'Aut ut minus laborum amet consequatur. Et voluptate voluptas hic temporibus quidem provident molestiae et.', 1, '2021-02-28 02:51:16', '2021-02-28 02:51:16'),
(247, 21, 'Marcelo Kunze', 'In dolorem nesciunt libero repudiandae blanditiis rerum. Aspernatur dolores quas sequi. Exercitationem dolores quasi reiciendis totam occaecati. Natus illum numquam ipsum eligendi.', 4, '2021-02-28 02:51:16', '2021-02-28 02:51:16'),
(248, 48, 'Myrtis Corwin', 'Ad perferendis impedit ratione pariatur maxime expedita. Eum fuga adipisci eos consequatur nemo ut nesciunt. Aut at ipsa quis aliquam.', 3, '2021-02-28 02:51:16', '2021-02-28 02:51:16'),
(249, 49, 'Miss Janae Hessel', 'Blanditiis autem dolore accusantium reprehenderit incidunt. Autem quaerat molestiae libero qui neque dignissimos quia. Magni voluptatem voluptate ut reprehenderit maiores eum.', 1, '2021-02-28 02:51:16', '2021-02-28 02:51:16'),
(250, 37, 'Tabitha Nikolaus', 'Laborum culpa fugit delectus. Doloremque debitis autem nihil perferendis nostrum quia esse consequatur. Tempore itaque vel accusamus aperiam.', 5, '2021-02-28 02:51:16', '2021-02-28 02:51:16'),
(251, 33, 'Aurore Grady', 'Aut tempora dolor dolores quia earum. Consequatur accusantium nemo et aperiam accusantium. Ut odit doloribus amet recusandae assumenda. Voluptas consequatur tempore est nihil et magni ipsa.', 3, '2021-02-28 02:51:16', '2021-02-28 02:51:16'),
(252, 10, 'Esperanza Bartell', 'Quis omnis velit saepe tenetur. Quia assumenda modi sed. Eligendi qui quo nemo voluptatem. Nisi nesciunt amet velit officiis.', 4, '2021-02-28 02:51:16', '2021-02-28 02:51:16'),
(253, 16, 'Johnpaul Langosh Jr.', 'Commodi autem nulla consequuntur reprehenderit dolore voluptas ad. Omnis mollitia temporibus beatae est sapiente et adipisci. Et cum fuga accusamus id architecto vel.', 5, '2021-02-28 02:51:16', '2021-02-28 02:51:16'),
(254, 6, 'Prof. Sherwood Miller II', 'Corporis sit repudiandae velit dicta dolorum ea harum. Aut doloremque deserunt esse eligendi. Eveniet aut corrupti ut saepe et. Qui ut aut consectetur adipisci blanditiis.', 1, '2021-02-28 02:51:16', '2021-02-28 02:51:16'),
(255, 45, 'Melyssa Feil', 'Quo repudiandae eos sit sit. Fugit distinctio ea quo hic ex. Sunt quia enim nulla sed voluptatem.', 2, '2021-02-28 02:51:16', '2021-02-28 02:51:16'),
(256, 21, 'Hertha Reinger', 'Velit natus cupiditate aut eligendi dolorem sed. Quas odit quis nulla et nam recusandae. Rerum nostrum vel iste repellat blanditiis consequatur quidem.', 2, '2021-02-28 02:51:16', '2021-02-28 02:51:16'),
(257, 7, 'Ms. Stephany O\'Hara', 'Vero hic debitis sit voluptatem sint id optio. Accusantium ut laudantium rerum aliquam eaque tenetur. Quo ut fugiat blanditiis doloremque delectus.', 3, '2021-02-28 02:51:16', '2021-02-28 02:51:16'),
(258, 35, 'Anderson Lynch DDS', 'Quia tenetur officia illo minus eaque. Atque eaque accusamus asperiores eos illum id quia. Repellendus vel et quam error nihil.', 1, '2021-02-28 02:51:16', '2021-02-28 02:51:16'),
(259, 3, 'Prof. Telly Howell MD', 'Illum et illum inventore. Quasi enim est temporibus voluptatem ad facilis. Eos cum odit earum. Delectus fugit non debitis qui blanditiis sint vitae.', 5, '2021-02-28 02:51:16', '2021-02-28 02:51:16'),
(260, 47, 'Carson Hegmann Sr.', 'Quis earum quia ad ullam beatae facilis. Nihil qui voluptas laborum nihil nostrum. Asperiores sint quidem deserunt repellendus necessitatibus libero quas.', 3, '2021-02-28 02:51:16', '2021-02-28 02:51:16'),
(261, 2, 'Dr. Noemy Zboncak Sr.', 'Est facere voluptas ratione ut earum. Minima et illo rerum blanditiis. Accusantium non laborum dicta natus. Optio culpa adipisci eius incidunt. In nihil voluptatem debitis dolores at qui.', 4, '2021-02-28 02:51:16', '2021-02-28 02:51:16'),
(262, 32, 'Gerard Reichert', 'Nobis eveniet quasi error nihil dolores. Commodi est quis a deserunt. Non recusandae dolores soluta quia. Et est ab ut.', 5, '2021-02-28 02:51:16', '2021-02-28 02:51:16'),
(263, 32, 'Dennis Torp', 'Voluptatem adipisci voluptates quo delectus et praesentium animi. Assumenda explicabo incidunt perferendis praesentium nisi temporibus. In voluptatibus quos dicta in vel.', 5, '2021-02-28 02:51:16', '2021-02-28 02:51:16'),
(264, 1, 'Luz Tremblay', 'Libero necessitatibus similique fugiat in reprehenderit nobis. Ut veritatis voluptatem tenetur. Totam nobis animi saepe quis nihil ducimus dolores. Unde eos repellat assumenda qui. Aliquam qui architecto nam rerum aperiam odit.', 2, '2021-02-28 02:51:16', '2021-02-28 02:51:16'),
(265, 38, 'Stanton Hansen', 'Voluptatibus laborum doloremque autem nobis dolor voluptates in. Illum eligendi ratione eligendi dolor. Illo ut voluptas totam ducimus minus sunt.', 2, '2021-02-28 02:51:16', '2021-02-28 02:51:16'),
(266, 28, 'Elmer Flatley', 'Aut autem ut nemo quibusdam quo dolor. Quidem rem beatae voluptas sit reiciendis. Unde eligendi illum vel. Aut aut aliquid non eveniet nihil voluptates cum.', 4, '2021-02-28 02:51:16', '2021-02-28 02:51:16'),
(267, 35, 'Melody Toy', 'Suscipit est omnis mollitia. Officiis placeat voluptatem voluptates beatae nihil et omnis. Ipsam similique temporibus molestiae animi dolorum consectetur. Non sunt temporibus occaecati est eveniet.', 3, '2021-02-28 02:51:16', '2021-02-28 02:51:16'),
(268, 9, 'Rosamond Tillman', 'Aut totam dolores aut eveniet quia ipsa sit voluptas. Ut unde hic et id. Aut exercitationem necessitatibus quam et assumenda soluta consequatur. Ex repudiandae ipsam omnis possimus quidem.', 2, '2021-02-28 02:51:16', '2021-02-28 02:51:16'),
(269, 24, 'Doris McLaughlin', 'Nesciunt laborum sequi hic placeat et vel excepturi. Alias nam eos blanditiis aliquid omnis quasi asperiores. Reprehenderit quae culpa amet.', 0, '2021-02-28 02:51:16', '2021-02-28 02:51:16'),
(270, 39, 'Ms. Eugenia Hettinger', 'Consequatur necessitatibus ipsa iusto harum ut. Ipsam deleniti qui accusantium et maiores tenetur. Harum molestiae illo autem maiores voluptates architecto illum.', 2, '2021-02-28 02:51:16', '2021-02-28 02:51:16'),
(271, 30, 'Meagan Durgan', 'Veniam autem voluptatem quia cupiditate tempora. Distinctio perspiciatis qui ad rem ab consequatur. Ullam occaecati eveniet qui rerum excepturi. Voluptatem voluptas in reprehenderit quia voluptas et. Omnis cum et ut qui qui iusto officiis.', 4, '2021-02-28 02:51:16', '2021-02-28 02:51:16'),
(272, 19, 'Kattie Rice', 'Illo itaque rerum quia non accusamus. Deserunt et corrupti ut recusandae et. Eaque nemo harum nihil a rerum eius. Vel exercitationem sed ipsa expedita qui officiis.', 1, '2021-02-28 02:51:16', '2021-02-28 02:51:16'),
(273, 12, 'Keaton Hackett III', 'Ut assumenda et ex sit. Neque ut itaque vel eius quaerat quos quisquam reprehenderit. Qui quia quisquam ab facilis voluptates culpa dicta. Non ex ipsa saepe et.', 1, '2021-02-28 02:51:16', '2021-02-28 02:51:16'),
(274, 27, 'Rogelio Ruecker', 'Aperiam blanditiis quia possimus ut. Rerum deserunt amet ut ut incidunt ad molestiae. Optio commodi consequatur aut a est accusamus. Animi impedit hic ut voluptatibus ut doloribus est reiciendis.', 2, '2021-02-28 02:51:16', '2021-02-28 02:51:16'),
(275, 1, 'Lorenz Simonis II', 'Cupiditate nostrum sapiente accusamus qui. Hic alias consequatur ut nostrum. Id eos ipsa cupiditate eos cupiditate.', 5, '2021-02-28 02:51:16', '2021-02-28 02:51:16'),
(276, 20, 'Dr. Odie Kunde', 'Tenetur accusantium amet inventore sint soluta ut sint. Rem maiores quam sed enim aut similique. Dolorem ipsa molestiae sunt voluptas ab.', 3, '2021-02-28 02:51:16', '2021-02-28 02:51:16'),
(277, 6, 'Coby Dickens', 'Consectetur omnis soluta aspernatur aut voluptatum saepe. Quia tempore sunt iste. Natus minus facilis tenetur iusto minus ut. Sequi enim quae ad praesentium omnis aliquid.', 5, '2021-02-28 02:51:16', '2021-02-28 02:51:16'),
(278, 49, 'Caleigh Prosacco', 'Saepe nesciunt modi veritatis nesciunt et in ad. Eius nobis tempore ut saepe ipsa aperiam velit hic. Est et et commodi et quidem dolorem sit. Voluptatibus aliquid repellendus et velit.', 4, '2021-02-28 02:51:16', '2021-02-28 02:51:16'),
(279, 50, 'Mr. Norris Boyle', 'Et id consequatur consectetur. Ex velit aut reiciendis maiores fugit et error omnis. Ipsa hic laborum inventore quis aperiam est.', 3, '2021-02-28 02:51:16', '2021-02-28 02:51:16'),
(280, 40, 'Mr. Thomas Kuhlman DVM', 'Optio dicta quod possimus sint corporis corrupti impedit. Recusandae est dolorem rerum hic. Ut molestiae quibusdam molestiae est consequatur sit. Corrupti omnis cupiditate eum porro earum necessitatibus accusantium.', 2, '2021-02-28 02:51:16', '2021-02-28 02:51:16'),
(281, 35, 'Jaunita Hegmann MD', 'Atque ducimus beatae voluptatem eaque. Hic laudantium quidem voluptatibus iusto voluptate est dignissimos. Esse perferendis deserunt porro laborum.', 4, '2021-02-28 02:51:16', '2021-02-28 02:51:16'),
(282, 27, 'Amparo O\'Keefe', 'Qui saepe voluptatem distinctio voluptas. Suscipit eveniet et repellat reiciendis. Dolore tempora sunt dolor blanditiis eum quas sint. Maxime est temporibus placeat.', 3, '2021-02-28 02:51:16', '2021-02-28 02:51:16'),
(283, 7, 'Orie Rau', 'Ut qui temporibus iure corporis sapiente facere laboriosam minus. Quod tempore amet vel occaecati et. Nobis deleniti est dolores amet consectetur neque mollitia. Quis et ipsum eius.', 5, '2021-02-28 02:51:16', '2021-02-28 02:51:16'),
(284, 36, 'Christop Rodriguez', 'Qui voluptas iusto voluptatem voluptatum. Porro rerum cumque adipisci voluptatibus repellat facilis alias. Excepturi non vero omnis voluptatem.', 0, '2021-02-28 02:51:16', '2021-02-28 02:51:16'),
(285, 15, 'Jevon Walter', 'Vel deserunt odit incidunt ut qui dolor amet occaecati. Natus omnis est placeat earum consequuntur expedita. Omnis tempore molestiae sit consequuntur et sunt quia tenetur.', 2, '2021-02-28 02:51:16', '2021-02-28 02:51:16'),
(286, 43, 'Daniella Sauer IV', 'Autem ea cumque aut illo eum. Ut nulla aut sed. Autem inventore minus soluta officia maxime sit molestias.', 1, '2021-02-28 02:51:16', '2021-02-28 02:51:16'),
(287, 24, 'Guadalupe Schulist', 'Reiciendis qui exercitationem ut occaecati sapiente velit perferendis. Accusamus expedita tempora est ad eum sed quas. Quo nihil qui sit ratione autem culpa deleniti. Recusandae quasi illo quisquam beatae laboriosam.', 3, '2021-02-28 02:51:16', '2021-02-28 02:51:16'),
(288, 22, 'Prof. Wade Schneider Jr.', 'Quae quas aperiam sint sunt libero hic. Autem velit dolor aut omnis et. Exercitationem ea soluta quo nulla harum.', 1, '2021-02-28 02:51:16', '2021-02-28 02:51:16'),
(289, 22, 'Winona Dietrich', 'Eos consequatur adipisci repellendus iusto voluptatem provident nostrum consequuntur. Atque maxime ab corporis. Ex eius blanditiis nihil.', 0, '2021-02-28 02:51:16', '2021-02-28 02:51:16'),
(290, 39, 'Orval Lindgren', 'Iusto in tempora molestiae culpa sed corporis repellat. In quisquam omnis provident nisi. Alias nostrum architecto rem placeat tempore inventore consequuntur.', 0, '2021-02-28 02:51:16', '2021-02-28 02:51:16'),
(291, 43, 'Amara Abbott', 'Aut inventore aut sunt pariatur quod. Expedita impedit ratione quod temporibus nisi.', 1, '2021-02-28 02:51:16', '2021-02-28 02:51:16'),
(292, 47, 'Tressie Bruen', 'Debitis velit impedit beatae unde. Impedit ea sit amet dolor et rerum.', 1, '2021-02-28 02:51:16', '2021-02-28 02:51:16'),
(293, 9, 'Porter Mitchell', 'Molestiae et nihil cumque aut dolor. Quas in accusantium quidem. Quia perspiciatis reiciendis autem ipsam praesentium molestiae quia. Ad cum sint minima impedit.', 3, '2021-02-28 02:51:16', '2021-02-28 02:51:16'),
(294, 3, 'Kameron Fadel', 'Repudiandae quo impedit ullam deleniti et repellat maiores. Et consequatur molestiae dolorem quis voluptas sed ipsam. Mollitia dolorem officia fugit. Consequuntur neque dolorum tenetur enim ut voluptatibus.', 0, '2021-02-28 02:51:16', '2021-02-28 02:51:16'),
(295, 39, 'Ashton Pagac', 'Explicabo deserunt sunt accusamus. Temporibus similique aut est veniam. Sequi eius dolores amet nulla maxime suscipit at. Dolorum tempora quos corporis nihil. Explicabo ipsa a temporibus possimus magnam ut fugiat.', 1, '2021-02-28 02:51:16', '2021-02-28 02:51:16'),
(296, 36, 'Dr. Catalina Bogan Jr.', 'Maxime expedita reprehenderit tempora quibusdam qui. Sunt natus possimus architecto nemo quia blanditiis suscipit ab. Temporibus in quisquam ea eum.', 0, '2021-02-28 02:51:16', '2021-02-28 02:51:16'),
(297, 38, 'Alexandrea Hoppe', 'Quisquam quis dignissimos occaecati quisquam et. Dolorum omnis omnis eum earum nostrum voluptatem et.', 1, '2021-02-28 02:51:16', '2021-02-28 02:51:16'),
(298, 16, 'Prof. Thomas Kessler I', 'Fugit eum et maiores maiores soluta. Ullam est corporis quae omnis. Ut dolorum est omnis adipisci ut perferendis.', 3, '2021-02-28 02:51:16', '2021-02-28 02:51:16'),
(299, 12, 'Lawrence Fritsch', 'Placeat minus totam et. Ut ab corrupti voluptatum rerum autem quia. Ratione est quasi ut assumenda quis earum. Quia debitis numquam aut quisquam est.', 5, '2021-02-28 02:51:16', '2021-02-28 02:51:16'),
(300, 47, 'Adolfo Nitzsche DDS', 'Quaerat omnis ut accusamus vitae labore. Et iure illum temporibus eaque. Quasi quas est fugit delectus dicta. Ipsam quisquam repellendus placeat officiis in.', 5, '2021-02-28 02:51:16', '2021-02-28 02:51:16');

-- --------------------------------------------------------

--
-- Estructura de tabla para la tabla `users`
--

CREATE TABLE `users` (
  `id` bigint(20) UNSIGNED NOT NULL,
  `name` varchar(255) COLLATE utf8mb4_unicode_ci NOT NULL,
  `email` varchar(255) COLLATE utf8mb4_unicode_ci NOT NULL,
  `email_verified_at` timestamp NULL DEFAULT NULL,
  `password` varchar(255) COLLATE utf8mb4_unicode_ci NOT NULL,
  `remember_token` varchar(100) COLLATE utf8mb4_unicode_ci DEFAULT NULL,
  `created_at` timestamp NULL DEFAULT NULL,
  `updated_at` timestamp NULL DEFAULT NULL
) ENGINE=InnoDB DEFAULT CHARSET=utf8mb4 COLLATE=utf8mb4_unicode_ci;

--
-- Índices para tablas volcadas
--

--
-- Indices de la tabla `failed_jobs`
--
ALTER TABLE `failed_jobs`
  ADD PRIMARY KEY (`id`),
  ADD UNIQUE KEY `failed_jobs_uuid_unique` (`uuid`);

--
-- Indices de la tabla `migrations`
--
ALTER TABLE `migrations`
  ADD PRIMARY KEY (`id`);

--
-- Indices de la tabla `password_resets`
--
ALTER TABLE `password_resets`
  ADD KEY `password_resets_email_index` (`email`);

--
-- Indices de la tabla `products`
--
ALTER TABLE `products`
  ADD PRIMARY KEY (`id`);

--
-- Indices de la tabla `reviews`
--
ALTER TABLE `reviews`
  ADD PRIMARY KEY (`id`),
  ADD KEY `reviews_product_id_foreign` (`product_id`);

--
-- Indices de la tabla `users`
--
ALTER TABLE `users`
  ADD PRIMARY KEY (`id`),
  ADD UNIQUE KEY `users_email_unique` (`email`);

--
-- AUTO_INCREMENT de las tablas volcadas
--

--
-- AUTO_INCREMENT de la tabla `failed_jobs`
--
ALTER TABLE `failed_jobs`
  MODIFY `id` bigint(20) UNSIGNED NOT NULL AUTO_INCREMENT;

--
-- AUTO_INCREMENT de la tabla `migrations`
--
ALTER TABLE `migrations`
  MODIFY `id` int(10) UNSIGNED NOT NULL AUTO_INCREMENT, AUTO_INCREMENT=16;

--
-- AUTO_INCREMENT de la tabla `products`
--
ALTER TABLE `products`
  MODIFY `id` bigint(20) UNSIGNED NOT NULL AUTO_INCREMENT, AUTO_INCREMENT=51;

--
-- AUTO_INCREMENT de la tabla `reviews`
--
ALTER TABLE `reviews`
  MODIFY `id` bigint(20) UNSIGNED NOT NULL AUTO_INCREMENT, AUTO_INCREMENT=301;

--
-- AUTO_INCREMENT de la tabla `users`
--
ALTER TABLE `users`
  MODIFY `id` bigint(20) UNSIGNED NOT NULL AUTO_INCREMENT;

--
-- Restricciones para tablas volcadas
--

--
-- Filtros para la tabla `reviews`
--
ALTER TABLE `reviews`
  ADD CONSTRAINT `reviews_product_id_foreign` FOREIGN KEY (`product_id`) REFERENCES `products` (`id`) ON DELETE CASCADE;
COMMIT;

/*!40101 SET CHARACTER_SET_CLIENT=@OLD_CHARACTER_SET_CLIENT */;
/*!40101 SET CHARACTER_SET_RESULTS=@OLD_CHARACTER_SET_RESULTS */;
/*!40101 SET COLLATION_CONNECTION=@OLD_COLLATION_CONNECTION */;
